"","seqnames","start","end","width","strand"
"1","chr1",628904,635104,6201,"*"
"2","chr1",5850088,5850571,484,"*"
"3","chr1",8909611,8910014,404,"*"
"4","chr1",9574581,9574997,417,"*"
"5","chr1",32043824,32044203,380,"*"
"6","chr1",33818965,33819344,380,"*"
"7","chr1",38674336,38674715,380,"*"
"8","chr1",50017082,50017546,465,"*"
"9","chr1",52996950,52997329,380,"*"
"10","chr1",55372489,55372869,381,"*"
"11","chr1",67971777,67972156,380,"*"
"12","chr1",73258721,73259100,380,"*"
"13","chr1",76971069,76971595,527,"*"
"14","chr1",93936366,93936747,382,"*"
"15","chr1",93937448,93937827,380,"*"
"16","chr1",102160408,102160787,380,"*"
"17","chr1",103620976,103621378,403,"*"
"18","chr1",106803433,106803816,384,"*"
"19","chr1",106804022,106804224,203,"*"
"20","chr1",106804754,106805343,590,"*"
"21","chr1",121609949,125063427,3453479,"*"
"22","chr1",125166232,125184683,18452,"*"
"23","chr1",143184600,143276861,92262,"*"
"24","chr1",146992423,146992802,380,"*"
"25","chr1",158449074,158449453,380,"*"
"26","chr1",158872115,158872494,380,"*"
"27","chr1",159295112,159295493,382,"*"
"28","chr1",169473896,169474338,443,"*"
"29","chr1",170006205,170006584,380,"*"
"30","chr1",172710351,172710732,382,"*"
"31","chr1",181422612,181423158,547,"*"
"32","chr1",191961695,191962163,469,"*"
"33","chr1",195288049,195288429,381,"*"
"34","chr1",199487950,199488149,200,"*"
"35","chr1",214709796,214710175,380,"*"
"36","chr1",215499616,215500014,399,"*"
"37","chr1",226652018,226652398,381,"*"
"38","chr1",227699753,227700133,381,"*"
"39","chr1",229019366,229019745,380,"*"
"40","chr1",233139986,233140365,380,"*"
"41","chr1",235520205,235520404,200,"*"
"42","chr1",235537406,235537785,380,"*"
"43","chr1",235538900,235540112,1213,"*"
"44","chr1",235540244,235540623,380,"*"
"45","chr1",235540887,235541649,763,"*"
"46","chr1",235870626,235871005,380,"*"
"47","chr1",237940596,237940979,384,"*"
"48","chr1",237941046,237941514,469,"*"
"49","chr1",237941894,237942746,853,"*"
"50","chr1",237943029,237943416,388,"*"
"51","chr1",237943491,237945232,1742,"*"
"52","chr1",237945286,237946507,1222,"*"
"53","chr1",237948984,237949365,382,"*"
"54","chr1",237951295,237951802,508,"*"
"55","chr2",638428,638808,381,"*"
"56","chr2",1087104,1087484,381,"*"
"57","chr2",16271754,16272134,381,"*"
"58","chr2",22316879,22317258,380,"*"
"59","chr2",24644618,24644997,380,"*"
"60","chr2",32916202,32916632,431,"*"
"61","chr2",33767291,33767703,413,"*"
"62","chr2",33964665,33965045,381,"*"
"63","chr2",36276770,36277149,380,"*"
"64","chr2",40784788,40785278,491,"*"
"65","chr2",49229453,49230058,606,"*"
"66","chr2",50588766,50589566,801,"*"
"67","chr2",54451655,54452034,380,"*"
"68","chr2",57648678,57649057,380,"*"
"69","chr2",67953670,67954049,380,"*"
"70","chr2",75063568,75063994,427,"*"
"71","chr2",81666318,81666849,532,"*"
"72","chr2",82814942,82815321,380,"*"
"73","chr2",82815452,82816236,785,"*"
"74","chr2",82816262,82816647,386,"*"
"75","chr2",82818379,82818748,370,"*"
"76","chr2",82820801,82821005,205,"*"
"77","chr2",85068667,85069046,380,"*"
"78","chr2",87824710,87825530,821,"*"
"79","chr2",89272790,89273133,344,"*"
"80","chr2",89827608,89827706,99,"*"
"81","chr2",89828637,89828710,74,"*"
"82","chr2",89828843,89828942,100,"*"
"83","chr2",89833686,89833793,108,"*"
"84","chr2",89839593,89839709,117,"*"
"85","chr2",89909318,89909789,472,"*"
"86","chr2",90379779,90402456,22678,"*"
"87","chr2",92081224,92081398,175,"*"
"88","chr2",92188126,94293463,2105338,"*"
"89","chr2",94499182,94570956,71775,"*"
"90","chr2",94898977,94899645,669,"*"
"91","chr2",94900640,94900840,201,"*"
"92","chr2",94901422,94901808,387,"*"
"93","chr2",97189432,97189813,382,"*"
"94","chr2",102482583,102482962,380,"*"
"95","chr2",102505607,102505987,381,"*"
"96","chr2",110072035,110072434,400,"*"
"97","chr2",110299107,110299346,240,"*"
"98","chr2",116751235,116751614,380,"*"
"99","chr2",116752005,116752448,444,"*"
"100","chr2",116752518,116752897,380,"*"
"101","chr2",117020172,117020552,381,"*"
"102","chr2",117021108,117022152,1045,"*"
"103","chr2",117022439,117024038,1600,"*"
"104","chr2",117024278,117025093,816,"*"
"105","chr2",117025206,117025670,465,"*"
"106","chr2",117026131,117026512,382,"*"
"107","chr2",120211536,120212064,529,"*"
"108","chr2",120212686,120213069,384,"*"
"109","chr2",120213762,120214143,382,"*"
"110","chr2",120214591,120215370,780,"*"
"111","chr2",121220136,121220515,380,"*"
"112","chr2",124680744,124681182,439,"*"
"113","chr2",125812047,125812548,502,"*"
"114","chr2",129090775,129091154,380,"*"
"115","chr2",130272175,130272615,441,"*"
"116","chr2",130273452,130273981,530,"*"
"117","chr2",130274327,130274992,666,"*"
"118","chr2",130275175,130275744,570,"*"
"119","chr2",130276120,130276500,381,"*"
"120","chr2",130277775,130278727,953,"*"
"121","chr2",130279996,130280729,734,"*"
"122","chr2",130280828,130281440,613,"*"
"123","chr2",130557360,130557607,248,"*"
"124","chr2",130563143,130563396,254,"*"
"125","chr2",131369644,131369925,282,"*"
"126","chr2",131370950,131371562,613,"*"
"127","chr2",131371917,131372361,445,"*"
"128","chr2",131372759,131373137,379,"*"
"129","chr2",131379318,131380344,1027,"*"
"130","chr2",131381593,131381973,381,"*"
"131","chr2",131382345,131382728,384,"*"
"132","chr2",131382773,131382974,202,"*"
"133","chr2",131383080,131384016,937,"*"
"134","chr2",131384052,131384621,570,"*"
"135","chr2",131384899,131385281,383,"*"
"136","chr2",131385357,131385794,438,"*"
"137","chr2",140217230,140218044,815,"*"
"138","chr2",140220210,140220840,631,"*"
"139","chr2",140220941,140221140,200,"*"
"140","chr2",140221199,140222369,1171,"*"
"141","chr2",140222546,140223623,1078,"*"
"142","chr2",140223648,140224297,650,"*"
"143","chr2",143088645,143089042,398,"*"
"144","chr2",143089939,143090358,420,"*"
"145","chr2",143090899,143091662,764,"*"
"146","chr2",143092256,143092646,391,"*"
"147","chr2",143093557,143093941,385,"*"
"148","chr2",143094516,143094999,484,"*"
"149","chr2",143095615,143095994,380,"*"
"150","chr2",143096049,143096428,380,"*"
"151","chr2",143096471,143097336,866,"*"
"152","chr2",143097467,143097981,515,"*"
"153","chr2",143100622,143101005,384,"*"
"154","chr2",147048575,147048955,381,"*"
"155","chr2",147244850,147245229,380,"*"
"156","chr2",147265035,147265432,398,"*"
"157","chr2",148822914,148823295,382,"*"
"158","chr2",148881546,148882032,487,"*"
"159","chr2",155196093,155196473,381,"*"
"160","chr2",155263346,155264313,968,"*"
"161","chr2",155264363,155264562,200,"*"
"162","chr2",155264600,155264982,383,"*"
"163","chr2",155311421,155311995,575,"*"
"164","chr2",155313540,155313922,383,"*"
"165","chr2",156828629,156829008,380,"*"
"166","chr2",162517272,162517651,380,"*"
"167","chr2",164117002,164117382,381,"*"
"168","chr2",166414324,166414779,456,"*"
"169","chr2",167378864,167379244,381,"*"
"170","chr2",168652434,168652813,380,"*"
"171","chr2",179739185,179739689,505,"*"
"172","chr2",190593882,190594262,381,"*"
"173","chr2",196204681,196205060,380,"*"
"174","chr2",201212171,201212612,442,"*"
"175","chr2",201212649,201212854,206,"*"
"176","chr2",201212904,201213386,483,"*"
"177","chr2",201214660,201215040,381,"*"
"178","chr2",201549405,201549784,380,"*"
"179","chr2",201550131,201550513,383,"*"
"180","chr2",201557569,201557948,380,"*"
"181","chr2",202614118,202614527,410,"*"
"182","chr2",202615372,202615757,386,"*"
"183","chr2",202617017,202617398,382,"*"
"184","chr2",202618436,202618819,384,"*"
"185","chr2",202619755,202620134,380,"*"
"186","chr2",211773628,211774158,531,"*"
"187","chr2",211774323,211775192,870,"*"
"188","chr2",211775642,211776712,1071,"*"
"189","chr2",211777035,211777417,383,"*"
"190","chr2",211777803,211778269,467,"*"
"191","chr2",211778917,211779562,646,"*"
"192","chr2",215573164,215573544,381,"*"
"193","chr2",226722089,226722596,508,"*"
"194","chr2",237521664,237522775,1112,"*"
"195","chr2",237522863,237523652,790,"*"
"196","chr3",3571913,3572292,380,"*"
"197","chr3",24705150,24705529,380,"*"
"198","chr3",25467329,25467722,394,"*"
"199","chr3",29797535,29797914,380,"*"
"200","chr3",33548104,33548483,380,"*"
"201","chr3",40252108,40253916,1809,"*"
"202","chr3",41532178,41532556,379,"*"
"203","chr3",43229297,43229733,437,"*"
"204","chr3",68658876,68659467,592,"*"
"205","chr3",68670346,68670734,389,"*"
"206","chr3",73054641,73055020,380,"*"
"207","chr3",82655448,82655827,380,"*"
"208","chr3",89588896,89589538,643,"*"
"209","chr3",90269606,90722189,452584,"*"
"210","chr3",90774881,91249595,474715,"*"
"211","chr3",91519650,93657524,2137875,"*"
"212","chr3",93705478,93800019,94542,"*"
"213","chr3",96475263,96475643,381,"*"
"214","chr3",96617015,96618680,1666,"*"
"215","chr3",106894020,106894441,422,"*"
"216","chr3",106895182,106895568,387,"*"
"217","chr3",106896125,106896504,380,"*"
"218","chr3",106898662,106899022,361,"*"
"219","chr3",106899754,106900122,369,"*"
"220","chr3",106901800,106902741,942,"*"
"221","chr3",106903189,106903605,417,"*"
"222","chr3",119947199,119947578,380,"*"
"223","chr3",120721859,120722610,752,"*"
"224","chr3",122688558,122688938,381,"*"
"225","chr3",125982520,125982900,381,"*"
"226","chr3",127005358,127005745,388,"*"
"227","chr3",128988980,128989359,380,"*"
"228","chr3",137095969,137096348,380,"*"
"229","chr3",142662233,142662612,380,"*"
"230","chr3",152919605,152919995,391,"*"
"231","chr3",153658705,153659087,383,"*"
"232","chr3",160947474,160948127,654,"*"
"233","chr3",166159727,166160108,382,"*"
"234","chr3",166160261,166160644,384,"*"
"235","chr3",166161632,166162087,456,"*"
"236","chr3",166226564,166226945,382,"*"
"237","chr3",166232407,166232886,480,"*"
"238","chr3",166232971,166233355,385,"*"
"239","chr3",166474024,166474223,200,"*"
"240","chr3",171534314,171534700,387,"*"
"241","chr3",177010777,177011156,380,"*"
"242","chr3",192880588,192880967,380,"*"
"243","chr4",5404509,5404897,389,"*"
"244","chr4",12640143,12640815,673,"*"
"245","chr4",14506100,14506467,368,"*"
"246","chr4",17061825,17062213,389,"*"
"247","chr4",18949311,18949691,381,"*"
"248","chr4",22502174,22502553,380,"*"
"249","chr4",25717757,25718136,380,"*"
"250","chr4",25718276,25718655,380,"*"
"251","chr4",25719399,25719626,228,"*"
"252","chr4",27730252,27730747,496,"*"
"253","chr4",30884525,30884906,382,"*"
"254","chr4",32280110,32280489,380,"*"
"255","chr4",41023065,41023448,384,"*"
"256","chr4",47772101,47772544,444,"*"
"257","chr4",49136057,49136102,46,"*"
"258","chr4",49141053,49141147,95,"*"
"259","chr4",49246356,49246848,493,"*"
"260","chr4",49548608,49549100,493,"*"
"261","chr4",49631232,49658125,26894,"*"
"262","chr4",49708087,51743949,2035863,"*"
"263","chr4",51793953,51817249,23297,"*"
"264","chr4",55327980,55328462,483,"*"
"265","chr4",64606370,64606752,383,"*"
"266","chr4",64606842,64607360,519,"*"
"267","chr4",64607396,64607789,394,"*"
"268","chr4",64607977,64608801,825,"*"
"269","chr4",64608938,64609326,389,"*"
"270","chr4",64609812,64610876,1065,"*"
"271","chr4",64611177,64611617,441,"*"
"272","chr4",66065194,66065631,438,"*"
"273","chr4",68050142,68050521,380,"*"
"274","chr4",68572334,68572774,441,"*"
"275","chr4",78008403,78008882,480,"*"
"276","chr4",83383283,83383662,380,"*"
"277","chr4",89731704,89732163,460,"*"
"278","chr4",92701788,92702300,513,"*"
"279","chr4",107501925,107502304,380,"*"
"280","chr4",112372590,112372969,380,"*"
"281","chr4",116296653,116297040,388,"*"
"282","chr4",116297166,116297545,380,"*"
"283","chr4",116297660,116298726,1067,"*"
"284","chr4",116299004,116300416,1413,"*"
"285","chr4",128081281,128081956,676,"*"
"286","chr4",140929568,140929947,380,"*"
"287","chr4",143017908,143018107,200,"*"
"288","chr4",143347974,143348354,381,"*"
"289","chr4",144379498,144379877,380,"*"
"290","chr4",155076907,155077288,382,"*"
"291","chr4",155452734,155452935,202,"*"
"292","chr4",155453929,155454313,385,"*"
"293","chr4",155454408,155455447,1040,"*"
"294","chr4",155455567,155455766,200,"*"
"295","chr4",155457625,155458008,384,"*"
"296","chr4",155459548,155459747,200,"*"
"297","chr4",155460172,155460553,382,"*"
"298","chr4",155461094,155461689,596,"*"
"299","chr4",155462079,155463456,1378,"*"
"300","chr4",155463702,155464839,1138,"*"
"301","chr4",155464896,155465305,410,"*"
"302","chr4",155465581,155466624,1044,"*"
"303","chr4",157628392,157628774,383,"*"
"304","chr4",160044430,160044815,386,"*"
"305","chr4",161449478,161449857,380,"*"
"306","chr4",161788292,161788671,380,"*"
"307","chr4",162421208,162421721,514,"*"
"308","chr4",172036715,172037094,380,"*"
"309","chr4",179069260,179069639,380,"*"
"310","chr4",183489244,183489623,380,"*"
"311","chr4",189844496,189844576,81,"*"
"312","chr5",12285,12523,239,"*"
"313","chr5",12953,13361,409,"*"
"314","chr5",5395564,5395943,380,"*"
"315","chr5",5396183,5396616,434,"*"
"316","chr5",5396676,5397057,382,"*"
"317","chr5",8619084,8619464,381,"*"
"318","chr5",8619928,8620307,380,"*"
"319","chr5",8620708,8621192,485,"*"
"320","chr5",8621954,8622333,380,"*"
"321","chr5",8622355,8622753,399,"*"
"322","chr5",32927395,32927776,382,"*"
"323","chr5",37164287,37164673,387,"*"
"324","chr5",45913364,50265419,4352056,"*"
"325","chr5",60761359,60762176,818,"*"
"326","chr5",66253510,66253889,380,"*"
"327","chr5",73775721,73776112,392,"*"
"328","chr5",79089861,79090240,380,"*"
"329","chr5",80649842,80652548,2707,"*"
"330","chr5",94567276,94571098,3823,"*"
"331","chr5",97678634,97679016,383,"*"
"332","chr5",98409948,98410327,380,"*"
"333","chr5",98410701,98411257,557,"*"
"334","chr5",99813006,99813388,383,"*"
"335","chr5",100045806,100055225,9420,"*"
"336","chr5",106553188,106553689,502,"*"
"337","chr5",111488865,111489244,380,"*"
"338","chr5",119127219,119127602,384,"*"
"339","chr5",121030821,121031445,625,"*"
"340","chr5",122338659,122339042,384,"*"
"341","chr5",123760112,123760622,511,"*"
"342","chr5",123760720,123761918,1199,"*"
"343","chr5",134923134,134928692,5559,"*"
"344","chr5",136533607,136533986,380,"*"
"345","chr5",137305007,137305387,381,"*"
"346","chr5",152198766,152199145,380,"*"
"347","chr5",160600366,160600745,380,"*"
"348","chr5",163146854,163147234,381,"*"
"349","chr5",163959712,163960091,380,"*"
"350","chr5",164673915,164674288,374,"*"
"351","chr5",166530242,166530641,400,"*"
"352","chr5",170635390,170635774,385,"*"
"353","chr6",1705931,1706304,374,"*"
"354","chr6",3943770,3944149,380,"*"
"355","chr6",29454055,29454435,381,"*"
"356","chr6",32706021,32706850,830,"*"
"357","chr6",43490987,43491370,384,"*"
"358","chr6",54899049,54899248,200,"*"
"359","chr6",58554347,59830578,1276232,"*"
"360","chr6",61278528,61521106,242579,"*"
"361","chr6",61573961,61574809,849,"*"
"362","chr6",72747982,72748361,380,"*"
"363","chr6",72799170,72799549,380,"*"
"364","chr6",76708391,76708770,380,"*"
"365","chr6",88555203,88555591,389,"*"
"366","chr6",91726617,91727363,747,"*"
"367","chr6",94446938,94447370,433,"*"
"368","chr6",96941572,96941951,380,"*"
"369","chr6",104699856,104700055,200,"*"
"370","chr6",114377335,114377534,200,"*"
"371","chr6",122764825,122765204,380,"*"
"372","chr6",126478330,126478709,380,"*"
"373","chr6",127735331,127735710,380,"*"
"374","chr6",132799555,132799939,385,"*"
"375","chr6",133150493,133150881,389,"*"
"376","chr6",133930810,133931190,381,"*"
"377","chr6",138133083,138133462,380,"*"
"378","chr6",143077648,143078031,384,"*"
"379","chr6",153666230,153666618,389,"*"
"380","chr6",153667364,153667744,381,"*"
"381","chr6",153668188,153668753,566,"*"
"382","chr6",153669026,153669419,394,"*"
"383","chr6",156547730,156548118,389,"*"
"384","chr6",163638069,163638448,380,"*"
"385","chr7",18021727,18022106,380,"*"
"386","chr7",22748472,22748854,383,"*"
"387","chr7",33749121,33749500,380,"*"
"388","chr7",36228568,36229008,441,"*"
"389","chr7",37387571,37387950,380,"*"
"390","chr7",45251809,45252289,481,"*"
"391","chr7",55369050,55369429,380,"*"
"392","chr7",57167689,57168071,383,"*"
"393","chr7",57168473,57168852,380,"*"
"394","chr7",57169047,57169430,384,"*"
"395","chr7",57169551,57169932,382,"*"
"396","chr7",57170308,57170523,216,"*"
"397","chr7",57170676,57171410,735,"*"
"398","chr7",57171503,57172122,620,"*"
"399","chr7",57173799,57174181,383,"*"
"400","chr7",57174855,57175239,385,"*"
"401","chr7",57185616,57185995,380,"*"
"402","chr7",57186106,57186589,484,"*"
"403","chr7",57187288,57188033,746,"*"
"404","chr7",57188306,57188872,567,"*"
"405","chr7",57189117,57189730,614,"*"
"406","chr7",57190950,57191332,383,"*"
"407","chr7",57191619,57191818,200,"*"
"408","chr7",57192133,57192860,728,"*"
"409","chr7",57193490,57193872,383,"*"
"410","chr7",57193975,57194701,727,"*"
"411","chr7",57194830,57195210,381,"*"
"412","chr7",57196303,57197490,1188,"*"
"413","chr7",57198264,57198644,381,"*"
"414","chr7",57879606,58032504,152899,"*"
"415","chr7",58166364,62995324,4828961,"*"
"416","chr7",63094674,63095057,384,"*"
"417","chr7",64104134,64104513,380,"*"
"418","chr7",64105295,64106415,1121,"*"
"419","chr7",64106628,64107010,383,"*"
"420","chr7",64108330,64108798,469,"*"
"421","chr7",64110008,64110707,700,"*"
"422","chr7",64111377,64111804,428,"*"
"423","chr7",64111958,64112849,892,"*"
"424","chr7",67627831,67628213,383,"*"
"425","chr7",68097608,68097990,383,"*"
"426","chr7",68736348,68736811,464,"*"
"427","chr7",69331806,69332005,200,"*"
"428","chr7",69332038,69332438,401,"*"
"429","chr7",69333014,69333393,380,"*"
"430","chr7",69333598,69334167,570,"*"
"431","chr7",72088576,72088955,380,"*"
"432","chr7",83100027,83100406,380,"*"
"433","chr7",83469985,83470184,200,"*"
"434","chr7",83855081,83855464,384,"*"
"435","chr7",95851250,95851629,380,"*"
"436","chr7",104989517,104989896,380,"*"
"437","chr7",112372485,112372865,381,"*"
"438","chr7",112374725,112374950,226,"*"
"439","chr7",117263553,117264184,632,"*"
"440","chr7",117264232,117264614,383,"*"
"441","chr7",130116679,130117058,380,"*"
"442","chr7",141173001,141173384,384,"*"
"443","chr7",141801917,141802451,535,"*"
"444","chr7",141802902,141803366,465,"*"
"445","chr7",141804075,141804274,200,"*"
"446","chr7",141804815,141805507,693,"*"
"447","chr7",142665100,142667846,2747,"*"
"448","chr7",143187484,143187863,380,"*"
"449","chr7",145997160,145997608,449,"*"
"450","chr7",150131844,150132229,386,"*"
"451","chr7",153968599,153968979,381,"*"
"452","chr7",159294464,159294846,383,"*"
"453","chr8",13353293,13353679,387,"*"
"454","chr8",16056864,16057063,200,"*"
"455","chr8",18849122,18849571,450,"*"
"456","chr8",20551163,20551554,392,"*"
"457","chr8",32805709,32806092,384,"*"
"458","chr8",33010515,33010894,380,"*"
"459","chr8",33011360,33014071,2712,"*"
"460","chr8",33014511,33014895,385,"*"
"461","chr8",33015021,33015853,833,"*"
"462","chr8",36277447,36278060,614,"*"
"463","chr8",36278273,36278791,519,"*"
"464","chr8",36278836,36279634,799,"*"
"465","chr8",40070432,40070867,436,"*"
"466","chr8",43237632,43242390,4759,"*"
"467","chr8",43937901,45969600,2031700,"*"
"468","chr8",46827306,46827914,609,"*"
"469","chr8",46828299,46829961,1663,"*"
"470","chr8",46830196,46831222,1027,"*"
"471","chr8",46837582,46837961,380,"*"
"472","chr8",46838102,46838484,383,"*"
"473","chr8",50758260,50758639,380,"*"
"474","chr8",56736734,56736933,200,"*"
"475","chr8",61303080,61303460,381,"*"
"476","chr8",67580690,67581493,804,"*"
"477","chr8",67581589,67581972,384,"*"
"478","chr8",67582179,67582568,390,"*"
"479","chr8",67585217,67585693,477,"*"
"480","chr8",67585788,67586175,388,"*"
"481","chr8",67587283,67587922,640,"*"
"482","chr8",69102852,69103234,383,"*"
"483","chr8",72985529,72985923,395,"*"
"484","chr8",74828645,74829025,381,"*"
"485","chr8",76201593,76202319,727,"*"
"486","chr8",76645408,76645800,393,"*"
"487","chr8",97907909,97908279,371,"*"
"488","chr8",99495690,99496133,444,"*"
"489","chr8",102774316,102774695,380,"*"
"490","chr8",103082926,103083379,454,"*"
"491","chr8",103083705,103084399,695,"*"
"492","chr8",103084731,103085110,380,"*"
"493","chr8",103085324,103085806,483,"*"
"494","chr8",103086860,103087242,383,"*"
"495","chr8",108533902,108534281,380,"*"
"496","chr8",110933151,110933533,383,"*"
"497","chr8",110934511,110935010,500,"*"
"498","chr8",111248937,111249316,380,"*"
"499","chr8",120224205,120224584,380,"*"
"500","chr8",127053877,127054257,381,"*"
"501","chr8",127968654,127969034,381,"*"
"502","chr8",133615762,133616142,381,"*"
"503","chr8",133755391,133755856,466,"*"
"504","chr9",5091132,5091511,380,"*"
"505","chr9",5091963,5093013,1051,"*"
"506","chr9",5093064,5094123,1060,"*"
"507","chr9",5094193,5094697,505,"*"
"508","chr9",5094932,5095816,885,"*"
"509","chr9",5096207,5096816,610,"*"
"510","chr9",5097189,5097890,702,"*"
"511","chr9",5098135,5098516,382,"*"
"512","chr9",5099353,5099552,200,"*"
"513","chr9",5100045,5100427,383,"*"
"514","chr9",5108064,5108592,529,"*"
"515","chr9",5109194,5109986,793,"*"
"516","chr9",5110031,5110411,381,"*"
"517","chr9",9896971,9897350,380,"*"
"518","chr9",15866613,15866992,380,"*"
"519","chr9",18336472,18336854,383,"*"
"520","chr9",31498261,31498640,380,"*"
"521","chr9",33656534,33658316,1783,"*"
"522","chr9",33658347,33659299,953,"*"
"523","chr9",34998989,34999474,486,"*"
"524","chr9",36466193,36466572,380,"*"
"525","chr9",43153722,45525161,2371440,"*"
"526","chr9",64045551,64046043,493,"*"
"527","chr9",64047856,64048422,567,"*"
"528","chr9",65048154,65079624,31471,"*"
"529","chr9",68251003,68251071,69,"*"
"530","chr9",72788175,72788555,381,"*"
"531","chr9",78741396,78741775,380,"*"
"532","chr9",78742156,78742969,814,"*"
"533","chr9",78743200,78743630,431,"*"
"534","chr9",78744109,78744492,384,"*"
"535","chr9",78810722,78811113,392,"*"
"536","chr9",79804551,79804933,383,"*"
"537","chr9",80564644,80565085,442,"*"
"538","chr9",80565479,80565941,463,"*"
"539","chr9",81747642,81748021,380,"*"
"540","chr9",82427690,82428071,382,"*"
"541","chr9",92108966,92109347,382,"*"
"542","chr9",92539107,92539763,657,"*"
"543","chr9",95876957,95877338,382,"*"
"544","chr9",117109915,117110296,382,"*"
"545","chr9",122505688,122506067,380,"*"
"546","chr9",129878700,129879081,382,"*"
"547","chr9",134164479,134165354,876,"*"
"548","chr9",134170820,134171060,241,"*"
"549","chr10",2235556,2235756,201,"*"
"550","chr10",19746629,19747247,619,"*"
"551","chr10",19747315,19748342,1028,"*"
"552","chr10",25638377,25638756,380,"*"
"553","chr10",26873148,26873538,391,"*"
"554","chr10",30565119,30565501,383,"*"
"555","chr10",36432965,36433344,380,"*"
"556","chr10",36434048,36435188,1141,"*"
"557","chr10",37600617,37601002,386,"*"
"558","chr10",37601247,37601787,541,"*"
"559","chr10",37601885,37602850,966,"*"
"560","chr10",38481301,38596500,115200,"*"
"561","chr10",38782601,38967900,185300,"*"
"562","chr10",39000366,41916630,2916265,"*"
"563","chr10",42066793,42104971,38179,"*"
"564","chr10",45577926,45578305,380,"*"
"565","chr10",46706230,46706611,382,"*"
"566","chr10",47633791,47634172,382,"*"
"567","chr10",55597862,55600059,2198,"*"
"568","chr10",55626795,55627174,380,"*"
"569","chr10",57668683,57669062,380,"*"
"570","chr10",59261794,59262173,380,"*"
"571","chr10",69590539,69590738,200,"*"
"572","chr10",69591476,69591858,383,"*"
"573","chr10",69592356,69592740,385,"*"
"574","chr10",69592777,69593482,706,"*"
"575","chr10",69594379,69594760,382,"*"
"576","chr10",69595142,69595573,432,"*"
"577","chr10",69595682,69596061,380,"*"
"578","chr10",77166389,77166768,380,"*"
"579","chr10",79411057,79411468,412,"*"
"580","chr10",89786505,89786889,385,"*"
"581","chr10",100057236,100058064,829,"*"
"582","chr10",112894489,112894870,382,"*"
"583","chr10",115056513,115056712,200,"*"
"584","chr10",123032372,123032751,380,"*"
"585","chr10",125819622,125820001,380,"*"
"586","chr10",133689374,133689523,150,"*"
"587","chr11",8023288,8023667,380,"*"
"588","chr11",10507707,10510499,2793,"*"
"589","chr11",10768340,10768719,380,"*"
"590","chr11",10815185,10815384,200,"*"
"591","chr11",24839564,24839944,381,"*"
"592","chr11",27850563,27850942,380,"*"
"593","chr11",47323882,47324333,452,"*"
"594","chr11",50424040,50813393,389354,"*"
"595","chr11",51081364,54424064,3342701,"*"
"596","chr11",64187169,64187556,388,"*"
"597","chr11",65069484,65069863,380,"*"
"598","chr11",73510501,73510992,492,"*"
"599","chr11",81551735,81551934,200,"*"
"600","chr11",81553836,81554282,447,"*"
"601","chr11",81556153,81556537,385,"*"
"602","chr11",81556718,81557101,384,"*"
"603","chr11",87813428,87814320,893,"*"
"604","chr11",87815684,87816063,380,"*"
"605","chr11",103270628,103271007,380,"*"
"606","chr11",103403271,103403650,380,"*"
"607","chr11",103404015,103404527,513,"*"
"608","chr11",103404780,103405289,510,"*"
"609","chr11",103405810,103406376,567,"*"
"610","chr11",103406654,103407036,383,"*"
"611","chr11",103407111,103407310,200,"*"
"612","chr11",103408090,103409893,1804,"*"
"613","chr11",103410075,103411211,1137,"*"
"614","chr11",110876920,110877308,389,"*"
"615","chr11",114021167,114021546,380,"*"
"616","chr11",123003426,123003857,432,"*"
"617","chr11",123139920,123140301,382,"*"
"618","chr12",9924,10481,558,"*"
"619","chr12",2539175,2539982,808,"*"
"620","chr12",3887956,3888335,380,"*"
"621","chr12",19795478,19795864,387,"*"
"622","chr12",20769414,20769432,19,"*"
"623","chr12",21052951,21053330,380,"*"
"624","chr12",22005656,22006093,438,"*"
"625","chr12",27925109,27925488,380,"*"
"626","chr12",31247542,31247923,382,"*"
"627","chr12",31247964,31248343,380,"*"
"628","chr12",34665178,37429869,2764692,"*"
"629","chr12",40286246,40286625,380,"*"
"630","chr12",41363463,41363903,441,"*"
"631","chr12",41698592,41698971,380,"*"
"632","chr12",41699049,41699573,525,"*"
"633","chr12",49817253,49817634,382,"*"
"634","chr12",62773866,62774257,392,"*"
"635","chr12",80623984,80624183,200,"*"
"636","chr12",101486971,101487350,380,"*"
"637","chr12",123053922,123054301,380,"*"
"638","chr12",126583200,126583772,573,"*"
"639","chr12",126584138,126584530,393,"*"
"640","chr12",130315426,130315904,479,"*"
"641","chr13",16226301,18171400,1945100,"*"
"642","chr13",25984719,25984918,200,"*"
"643","chr13",31866924,31867303,380,"*"
"644","chr13",33516899,33517278,380,"*"
"645","chr13",36065386,36065836,451,"*"
"646","chr13",40768207,40768595,389,"*"
"647","chr13",53891452,53891831,380,"*"
"648","chr13",55971454,55971922,469,"*"
"649","chr13",56688342,56688749,408,"*"
"650","chr13",72344212,72344591,380,"*"
"651","chr13",75592085,75592468,384,"*"
"652","chr13",83688314,83688693,380,"*"
"653","chr13",84521525,84522274,750,"*"
"654","chr13",84522849,84523233,385,"*"
"655","chr13",88308158,88308357,200,"*"
"656","chr13",95692550,95692935,386,"*"
"657","chr13",95693014,95693215,202,"*"
"658","chr13",95694450,95695698,1249,"*"
"659","chr13",95696146,95696512,367,"*"
"660","chr13",105488068,105488448,381,"*"
"661","chr13",107058663,107059042,380,"*"
"662","chr13",109423945,109424560,616,"*"
"663","chr14",16000601,18173660,2173060,"*"
"664","chr14",23426307,23426691,385,"*"
"665","chr14",32483954,32485298,1345,"*"
"666","chr14",37490107,37490486,380,"*"
"667","chr14",40643841,40644220,380,"*"
"668","chr14",43116743,43117122,380,"*"
"669","chr14",45238636,45239016,381,"*"
"670","chr14",45430379,45430758,380,"*"
"671","chr14",46048458,46048837,380,"*"
"672","chr14",46847041,46847420,380,"*"
"673","chr14",51587296,51587847,552,"*"
"674","chr14",83587332,83587894,563,"*"
"675","chr14",83588230,83589060,831,"*"
"676","chr14",84171263,84171729,467,"*"
"677","chr14",84171839,84172846,1008,"*"
"678","chr14",84173509,84173969,461,"*"
"679","chr14",84174280,84174691,412,"*"
"680","chr14",86498938,86499317,380,"*"
"681","chr15",17058501,19838644,2780144,"*"
"682","chr15",30477566,30477945,380,"*"
"683","chr15",32529780,32530159,380,"*"
"684","chr15",34715311,34715692,382,"*"
"685","chr15",35396111,35396495,385,"*"
"686","chr15",40133888,40134759,872,"*"
"687","chr15",41157029,41157408,380,"*"
"688","chr15",52100392,52100771,380,"*"
"689","chr15",54583732,54584111,380,"*"
"690","chr15",58152410,58153114,705,"*"
"691","chr15",58153293,58153690,398,"*"
"692","chr15",58155860,58156155,296,"*"
"693","chr15",67040731,67041122,392,"*"
"694","chr15",91960164,91960543,380,"*"
"695","chr16",3367431,3368546,1116,"*"
"696","chr16",3369659,3370039,381,"*"
"697","chr16",3370151,3370542,392,"*"
"698","chr16",3370933,3371445,513,"*"
"699","chr16",3371689,3372222,534,"*"
"700","chr16",10719291,10720105,815,"*"
"701","chr16",10720418,10720781,364,"*"
"702","chr16",10721236,10721874,639,"*"
"703","chr16",10721901,10722280,380,"*"
"704","chr16",10723424,10723623,200,"*"
"705","chr16",10723816,10724200,385,"*"
"706","chr16",10724416,10724654,239,"*"
"707","chr16",20720930,20721312,383,"*"
"708","chr16",20721366,20721746,381,"*"
"709","chr16",20722104,20722552,449,"*"
"710","chr16",34071572,34071629,58,"*"
"711","chr16",34131997,34289269,157273,"*"
"712","chr16",34571483,34597852,26370,"*"
"713","chr16",34661169,34661267,99,"*"
"714","chr16",34919142,34919184,43,"*"
"715","chr16",35966578,38269112,2302535,"*"
"716","chr16",38275768,38280684,4917,"*"
"717","chr16",46380677,46381095,419,"*"
"718","chr16",46386377,46386491,115,"*"
"719","chr16",46388623,46389053,431,"*"
"720","chr16",46390181,46390788,608,"*"
"721","chr16",46394472,46395088,617,"*"
"722","chr16",46398829,46401647,2819,"*"
"723","chr16",60470625,60471006,382,"*"
"724","chr16",65701466,65701846,381,"*"
"725","chr16",67590313,67590692,380,"*"
"726","chr16",69358524,69358990,467,"*"
"727","chr16",73161121,73161500,380,"*"
"728","chr16",82119746,82120125,380,"*"
"729","chr17",141683,142062,380,"*"
"730","chr17",14171309,14171688,380,"*"
"731","chr17",15568188,15568567,380,"*"
"732","chr17",19597516,19597985,470,"*"
"733","chr17",19598614,19599532,919,"*"
"734","chr17",19599800,19600210,411,"*"
"735","chr17",19600301,19602064,1764,"*"
"736","chr17",19602161,19602545,385,"*"
"737","chr17",19602887,19603595,709,"*"
"738","chr17",19603848,19604047,200,"*"
"739","chr17",19604923,19605588,666,"*"
"740","chr17",20851030,20851409,380,"*"
"741","chr17",21851151,21992060,140910,"*"
"742","chr17",22519043,22520149,1107,"*"
"743","chr17",22520323,22521025,703,"*"
"744","chr17",22521117,22526407,5291,"*"
"745","chr17",22526637,22530152,3516,"*"
"746","chr17",22530382,22532156,1775,"*"
"747","chr17",22532316,22532940,625,"*"
"748","chr17",22551067,22551446,380,"*"
"749","chr17",22813592,26716670,3903079,"*"
"750","chr17",26885753,26885795,43,"*"
"751","chr17",35654770,35655182,413,"*"
"752","chr17",43251641,43251763,123,"*"
"753","chr17",43309854,43310048,195,"*"
"754","chr17",43315022,43316491,1470,"*"
"755","chr17",43997536,43997957,422,"*"
"756","chr17",53105553,53106565,1013,"*"
"757","chr17",54902921,54903301,381,"*"
"758","chr17",59279407,59279787,381,"*"
"759","chr17",63076395,63076777,383,"*"
"760","chr17",63393239,63393438,200,"*"
"761","chr17",65555245,65555624,380,"*"
"762","chr17",72316259,72316638,380,"*"
"763","chr17",80617408,80617802,395,"*"
"764","chr18",2842088,2842534,447,"*"
"765","chr18",8103914,8104113,200,"*"
"766","chr18",8846333,8846713,381,"*"
"767","chr18",15457977,20865732,5407756,"*"
"768","chr18",34571461,34571840,380,"*"
"769","chr18",47853090,47853617,528,"*"
"770","chr18",52883628,52884007,380,"*"
"771","chr18",59288307,59288686,380,"*"
"772","chr18",61874563,61874960,398,"*"
"773","chr18",77455901,77456280,380,"*"
"774","chr19",246900,247452,553,"*"
"775","chr19",12105017,12105399,383,"*"
"776","chr19",13362990,13363369,380,"*"
"777","chr19",24182200,27257542,3075343,"*"
"778","chr19",27741788,27741868,81,"*"
"779","chr19",36271918,36272148,231,"*"
"780","chr19",37572466,37572846,381,"*"
"781","chr19",37576135,37576516,382,"*"
"782","chr19",46122945,46123324,380,"*"
"783","chr19",47941357,47941426,70,"*"
"784","chr19",54794750,54795129,380,"*"
"785","chr19",56691536,56691736,201,"*"
"786","chr19",56922159,56922601,443,"*"
"787","chr20",5999470,5999849,380,"*"
"788","chr20",9168744,9169145,402,"*"
"789","chr20",10441917,10442296,380,"*"
"790","chr20",13167143,13167534,392,"*"
"791","chr20",18449174,18449556,383,"*"
"792","chr20",22078163,22078542,380,"*"
"793","chr20",24024377,24024757,381,"*"
"794","chr20",26438449,28554562,2116114,"*"
"795","chr20",28644085,29015573,371489,"*"
"796","chr20",29125978,29294639,168662,"*"
"797","chr20",30744371,30744939,569,"*"
"798","chr20",30746749,30747241,493,"*"
"799","chr20",31051541,31106909,55369,"*"
"800","chr20",31157045,31159116,2072,"*"
"801","chr20",31161653,31223331,61679,"*"
"802","chr20",34688744,34689039,296,"*"
"803","chr20",47894700,47896109,1410,"*"
"804","chr20",57063874,57064279,406,"*"
"805","chr20",57357556,57358134,579,"*"
"806","chr20",57358222,57359428,1207,"*"
"807","chr20",57359452,57360972,1521,"*"
"808","chr20",63644938,63645318,381,"*"
"809","chr21",6369258,6372342,3085,"*"
"810","chr21",7201206,7327885,126680,"*"
"811","chr21",7919586,7919691,106,"*"
"812","chr21",8211711,8211892,182,"*"
"813","chr21",8212413,8212570,158,"*"
"814","chr21",8213695,8213987,293,"*"
"815","chr21",8219373,8220330,958,"*"
"816","chr21",8234457,8234568,112,"*"
"817","chr21",8394768,8394902,135,"*"
"818","chr21",8395472,8395591,120,"*"
"819","chr21",8396752,8397011,260,"*"
"820","chr21",8445919,8446080,162,"*"
"821","chr21",8446630,8446729,100,"*"
"822","chr21",8446926,8447070,145,"*"
"823","chr21",8595670,8595768,99,"*"
"824","chr21",8844363,8844855,493,"*"
"825","chr21",8846670,8847382,713,"*"
"826","chr21",10014675,10015194,520,"*"
"827","chr21",10650901,12965800,2314900,"*"
"828","chr21",16645306,16645685,380,"*"
"829","chr21",32095836,32096215,380,"*"
"830","chr21",35890414,35890796,383,"*"
"831","chr21",44474914,44475301,388,"*"
"832","chr21",45376057,45376517,461,"*"
"833","chr22",10863371,10863448,78,"*"
"834","chr22",11210952,11215489,4538,"*"
"835","chr22",11854151,11854643,493,"*"
"836","chr22",11856461,11857173,713,"*"
"837","chr22",11974160,11974336,177,"*"
"838","chr22",12135182,12135894,713,"*"
"839","chr22",12137712,12138204,493,"*"
"840","chr22",12691743,12694097,2355,"*"
"841","chr22",12954428,15057495,2103068,"*"
"842","chr22",15153935,15211502,57568,"*"
"843","chr22",15940534,16085728,145195,"*"
"844","chr22",32894953,32895345,393,"*"
"845","chr22",33819339,33819538,200,"*"
"846","chr22",35885492,35885898,407,"*"
"847","chr22",36172706,36173085,380,"*"
"848","chr22",36177876,36178257,382,"*"
"849","chr22",46470113,46470493,381,"*"
"850","chr22",50086004,50086529,526,"*"
"851","chr22",50806859,50808224,1366,"*"
"852","chrX",4059513,4059712,200,"*"
"853","chrX",5168679,5169232,554,"*"
"854","chrX",5169734,5170646,913,"*"
"855","chrX",15727703,15728089,387,"*"
"856","chrX",17116415,17116794,380,"*"
"857","chrX",24056084,24056470,387,"*"
"858","chrX",24375346,24375545,200,"*"
"859","chrX",33762402,33762781,380,"*"
"860","chrX",55178597,55179289,693,"*"
"861","chrX",55179435,55180459,1025,"*"
"862","chrX",55181197,55182790,1594,"*"
"863","chrX",55183052,55184112,1061,"*"
"864","chrX",58061544,62821716,4760173,"*"
"865","chrX",62841380,62841765,386,"*"
"866","chrX",62842258,62842639,382,"*"
"867","chrX",70119465,70119845,381,"*"
"868","chrX",70127234,70127620,387,"*"
"869","chrX",77501935,77502314,380,"*"
"870","chrX",78561722,78561921,200,"*"
"871","chrX",84403780,84404168,389,"*"
"872","chrX",100027095,100027475,381,"*"
"873","chrX",102010330,102010712,383,"*"
"874","chrX",102011532,102011915,384,"*"
"875","chrX",102772406,102772791,386,"*"
"876","chrX",102785905,102786287,383,"*"
"877","chrX",102798002,102798386,385,"*"
"878","chrX",102802748,102803161,414,"*"
"879","chrX",102809396,102809788,393,"*"
"880","chrX",104409870,104410249,380,"*"
"881","chrX",106239695,106239894,200,"*"
"882","chrX",111416894,111417294,401,"*"
"883","chrX",126471559,126473451,1893,"*"
"884","chrX",126728885,126729272,388,"*"
"885","chrX",126729327,126729709,383,"*"
"886","chrX",126729838,126730217,380,"*"
"887","chrX",126730717,126731106,390,"*"
"888","chrX",126731625,126732029,405,"*"
"889","chrX",129983339,129983538,200,"*"
"890","chrX",133041872,133042251,380,"*"
"891","chrX",135292294,135292493,200,"*"
"892","chrX",143430214,143430837,624,"*"
"893","chrX",143431145,143431537,393,"*"
"894","chrX",143431717,143432219,503,"*"
"895","chrX",143432411,143433212,802,"*"
"896","chrX",143433511,143434156,646,"*"
"897","chrX",143543637,143544023,387,"*"
"898","chrX",146995843,146996224,382,"*"
"899","chrY",4344758,4344879,122,"*"
"900","chrY",9141871,9141995,125,"*"
"901","chrY",10203381,10266932,63552,"*"
"902","chrY",10316750,10544446,227697,"*"
"903","chrY",10594584,10626838,32255,"*"
"904","chrY",10663670,10663716,47,"*"
"905","chrY",10744418,10921497,177080,"*"
"906","chrY",11290798,11334278,43481,"*"
"907","chrY",11493054,11592850,99797,"*"
"908","chrY",11671015,11671046,32,"*"
"909","chrY",11721529,11749472,27944,"*"
"910","chrY",56694633,56889743,195111,"*"
