"","seqnames","start","end"
"1","chr1",491150,491172
"2","chr1",726153,726175
"3","chr1",827588,827610
"4","chr1",1033686,1033833
"5","chr1",1040966,1041138
"6","chr1",1157312,1157352
"7","chr1",1293961,1293982
"8","chr1",1349507,1349533
"9","chr1",1430831,1430849
"10","chr1",1439720,1439755
"11","chr1",1472098,1472141
"12","chr1",1540347,1540369
"13","chr1",1540379,1540410
"14","chr1",1540645,1540683
"15","chr1",1969121,1969494
"16","chr1",2194782,2194823
"17","chr1",2227952,2228009
"18","chr1",2228145,2228200
"19","chr1",2443833,2443863
"20","chr1",2526409,2526451
"21","chr1",2983072,2983097
"22","chr1",3625282,3625318
"23","chr1",4342482,4342508
"24","chr1",5991752,5991775
"25","chr1",6260844,6260879
"26","chr1",6475951,6475969
"27","chr1",6625746,6625769
"28","chr1",6785449,6785487
"29","chr1",7704790,7704833
"30","chr1",7704953,7704988
"31","chr1",8423870,8423905
"32","chr1",8656236,8656259
"33","chr1",9234708,9234749
"34","chr1",9689449,9689474
"35","chr1",9823863,9823881
"36","chr1",9897148,9897170
"37","chr1",9910038,9910082
"38","chr1",10794529,10794546
"39","chr1",11654463,11654489
"40","chr1",11654822,11654873
"41","chr1",11736112,11736135
"42","chr1",11980519,11980536
"43","chr1",15184006,15184045
"44","chr1",15388281,15388309
"45","chr1",15617632,15617655
"46","chr1",16499362,16499385
"47","chr1",16692440,16692482
"48","chr1",18101260,18101383
"49","chr1",18769200,18769218
"50","chr1",19327530,19327556
"51","chr1",19486001,19486032
"52","chr1",19799913,19799931
"53","chr1",21176227,21176280
"54","chr1",21509299,21509360
"55","chr1",22143155,22143200
"56","chr1",22243473,22243513
"57","chr1",22563614,22563635
"58","chr1",23800274,23800297
"59","chr1",24599820,24599839
"60","chr1",25430046,25430070
"61","chr1",25800118,25800186
"62","chr1",26280500,26280517
"63","chr1",26282324,26282417
"64","chr1",26696167,26696217
"65","chr1",26696650,26696681
"66","chr1",27527865,27527897
"67","chr1",27568765,27568783
"68","chr1",28592623,28592646
"69","chr1",29123931,29123957
"70","chr1",29149169,29149202
"71","chr1",29236526,29236553
"72","chr1",29236548,29236591
"73","chr1",30908506,30908548
"74","chr1",31011165,31011204
"75","chr1",31413154,31413185
"76","chr1",31764067,31764098
"77","chr1",31937851,31937873
"78","chr1",32335865,32335885
"79","chr1",32641927,32641950
"80","chr1",33256451,33256473
"81","chr1",33256540,33256581
"82","chr1",33310297,33310381
"83","chr1",33430623,33430650
"84","chr1",34151776,34151817
"85","chr1",36156309,36156330
"86","chr1",37793761,37793795
"87","chr1",38859718,38859767
"88","chr1",39639684,39639712
"89","chr1",39807594,39807702
"90","chr1",40654113,40654180
"91","chr1",41361528,41361554
"92","chr1",42924886,42924923
"93","chr1",42958185,42958208
"94","chr1",43367822,43367873
"95","chr1",43530912,43530977
"96","chr1",44405395,44405431
"97","chr1",46466507,46466524
"98","chr1",46488048,46488082
"99","chr1",47346864,47346881
"100","chr1",47439163,47439181
"101","chr1",47997482,47997521
"102","chr1",52361541,52361561
"103","chr1",52602726,52602750
"104","chr1",56579466,56579507
"105","chr1",57922971,57922995
"106","chr1",58799664,58799971
"107","chr1",64745231,64745254
"108","chr1",64966557,64966581
"109","chr1",67053742,67053767
"110","chr1",70004706,70004766
"111","chr1",72282939,72282981
"112","chr1",75946864,75946919
"113","chr1",77531990,77532008
"114","chr1",84893245,84893272
"115","chr1",87985427,87985447
"116","chr1",88467158,88467183
"117","chr1",90718005,90718032
"118","chr1",91683688,91683740
"119","chr1",94820318,94820377
"120","chr1",108526925,108526952
"121","chr1",110099668,110099713
"122","chr1",110607471,110607493
"123","chr1",114510931,114510948
"124","chr1",115976466,115976500
"125","chr1",119297067,119297125
"126","chr1",143321762,143321926
"127","chr1",143408243,143408286
"128","chr1",143729646,143729671
"129","chr1",144101291,144106916
"130","chr1",144147137,144147301
"131","chr1",144233840,144233883
"132","chr1",144819262,144819426
"133","chr1",144858554,144859417
"134","chr1",146228799,146228821
"135","chr1",147600190,147600215
"136","chr1",148952732,148952749
"137","chr1",150548981,150548999
"138","chr1",150579759,150579814
"139","chr1",150974769,150974803
"140","chr1",151291641,151291661
"141","chr1",151487149,151487252
"142","chr1",151561474,151561506
"143","chr1",154558555,154558574
"144","chr1",156082822,156082856
"145","chr1",156591766,156591783
"146","chr1",160098856,160098894
"147","chr1",160370926,160370947
"148","chr1",161132484,161132510
"149","chr1",161132639,161132666
"150","chr1",161399250,161399277
"151","chr1",161422265,161422303
"152","chr1",168136700,168136722
"153","chr1",170226552,170226624
"154","chr1",171461861,171462018
"155","chr1",171983934,171983954
"156","chr1",178093761,178093825
"157","chr1",179229633,179229666
"158","chr1",180632526,180632546
"159","chr1",182952866,182952885
"160","chr1",200669789,200669806
"161","chr1",202245901,202246456
"162","chr1",203483276,203483311
"163","chr1",205680032,205680059
"164","chr1",205774790,205774814
"165","chr1",207022500,207022533
"166","chr1",208248502,208248533
"167","chr1",209231553,209231570
"168","chr1",216201012,216201057
"169","chr1",222472990,222473012
"170","chr1",223887358,223887390
"171","chr1",224011691,224016553
"172","chr1",224183257,224183274
"173","chr1",225614974,225615066
"174","chr1",226548933,226548965
"175","chr1",228158668,228158709
"176","chr1",228378490,228378507
"177","chr1",228641716,228641733
"178","chr1",228643957,228643974
"179","chr1",228781860,228782947
"180","chr1",229251855,229251881
"181","chr1",233295575,233295615
"182","chr1",235650093,235650137
"183","chr1",236142385,236142434
"184","chr1",236374247,236374306
"185","chr1",244048596,244048650
"186","chr1",248944954,248945029
"187","chr10",931279,931316
"188","chr10",931286,931322
"189","chr10",931549,931569
"190","chr10",3047233,3047261
"191","chr10",3849128,3849172
"192","chr10",4826288,4826323
"193","chr10",7974134,7974183
"194","chr10",8586886,8586943
"195","chr10",11611514,11611544
"196","chr10",11742312,11742382
"197","chr10",13528888,13528917
"198","chr10",17454330,17454353
"199","chr10",19701664,19701763
"200","chr10",21174057,21174076
"201","chr10",21535112,21535147
"202","chr10",22321391,22321460
"203","chr10",23192960,23192992
"204","chr10",23331151,23331726
"205","chr10",28302648,28302674
"206","chr10",34815493,34815529
"207","chr10",35639445,35639494
"208","chr10",36754323,36754392
"209","chr10",38451737,38451759
"210","chr10",38783465,38819808
"211","chr10",38820724,38905991
"212","chr10",41856986,41916263
"213","chr10",43266543,43266567
"214","chr10",45847498,45847525
"215","chr10",45871523,45871620
"216","chr10",45872504,45872607
"217","chr10",46337042,46337088
"218","chr10",46816334,46816380
"219","chr10",47523662,47523708
"220","chr10",48031735,48031781
"221","chr10",49963459,49963557
"222","chr10",49964549,49964679
"223","chr10",49964738,49964833
"224","chr10",54697626,54697771
"225","chr10",57127597,57127767
"226","chr10",65051607,65051755
"227","chr10",69103932,69103954
"228","chr10",69791784,69791811
"229","chr10",70132752,70132791
"230","chr10",70887919,70887939
"231","chr10",71232453,71232478
"232","chr10",71396795,71396827
"233","chr10",72692200,72692235
"234","chr10",73697911,73697931
"235","chr10",74039252,74039269
"236","chr10",75235139,75235158
"237","chr10",75751309,75751383
"238","chr10",78973956,78973993
"239","chr10",79293125,79293152
"240","chr10",79826377,79826404
"241","chr10",80429525,80429693
"242","chr10",81875211,81875283
"243","chr10",81875416,81875467
"244","chr10",84069882,84069939
"245","chr10",86366806,86366852
"246","chr10",86942614,86942636
"247","chr10",87659906,87659924
"248","chr10",94403609,94403642
"249","chr10",94403651,94403683
"250","chr10",96789885,96789964
"251","chr10",96832410,96832448
"252","chr10",97048719,97048755
"253","chr10",100671282,100671301
"254","chr10",100828919,100828941
"255","chr10",100999843,100999892
"256","chr10",102120222,102120246
"257","chr10",103740801,103740836
"258","chr10",111287562,111287595
"259","chr10",112124623,112124650
"260","chr10",112951621,112951663
"261","chr10",114044947,114044969
"262","chr10",115191743,115191760
"263","chr10",116742632,116742663
"264","chr10",119030301,119030320
"265","chr10",119407139,119407165
"266","chr10",119721363,119721385
"267","chr10",120377763,120377786
"268","chr10",121975116,121975147
"269","chr10",125159407,125159442
"270","chr10",126051405,126051671
"271","chr10",126051521,126051691
"272","chr10",127196629,127196649
"273","chr10",128171959,128171978
"274","chr10",129223396,129223806
"275","chr10",129963579,129963611
"276","chr10",130157494,130157517
"277","chr10",131311817,131311871
"278","chr10",131901021,131901063
"279","chr10",132142478,132142500
"280","chr10",132186998,132187024
"281","chr10",132187320,132187393
"282","chr10",132397559,132397610
"283","chr10",132421260,132421286
"284","chr10",132444913,132444941
"285","chr10",132786070,132786116
"286","chr10",132835942,132836058
"287","chr10",133124830,133124858
"288","chr10",133316671,133316690
"289","chr10",133566377,133567481
"290","chr10",133666806,133666886
"291","chr10",133670116,133670185
"292","chr10",133673415,133673484
"293","chr10",133676714,133676794
"294","chr10",133680024,133680104
"295","chr10",133683334,133683403
"296","chr10",133742985,133743065
"297","chr10",133746295,133746375
"298","chr10",133749604,133749684
"299","chr10",133752914,133752983
"300","chr10",133756213,133756293
"301","chr10",133759523,133759592
"302","chr10",133786468,133786543
"303","chr10",133787063,133787422
"304","chr11",127381,127403
"305","chr11",236362,236485
"306","chr11",535437,535484
"307","chr11",832893,832925
"308","chr11",836173,836194
"309","chr11",842530,842547
"310","chr11",910938,910974
"311","chr11",926109,926127
"312","chr11",1072157,1072206
"313","chr11",1390001,1390027
"314","chr11",1390384,1390409
"315","chr11",1422120,1422139
"316","chr11",1585143,1585204
"317","chr11",2138187,2138213
"318","chr11",2862320,2862349
"319","chr11",2884631,2884653
"320","chr11",2884841,2885021
"321","chr11",2886850,2886886
"322","chr11",3840997,3841024
"323","chr11",3855884,3855905
"324","chr11",4098267,4098418
"325","chr11",8169024,8169046
"326","chr11",8283632,8283657
"327","chr11",8371718,8371870
"328","chr11",10677994,10678048
"329","chr11",11757234,11757260
"330","chr11",13277889,13277908
"331","chr11",13668734,13668753
"332","chr11",17469047,17469086
"333","chr11",17695898,17695931
"334","chr11",19446653,19446676
"335","chr11",27838423,27838501
"336","chr11",33651838,33651931
"337","chr11",33700508,33700534
"338","chr11",34027849,34027867
"339","chr11",34051353,34051375
"340","chr11",35862370,35862404
"341","chr11",36300825,36300848
"342","chr11",36694776,36694815
"343","chr11",43930808,43930842
"344","chr11",44727043,44727126
"345","chr11",44950767,44950835
"346","chr11",45146966,45147001
"347","chr11",45180687,45180714
"348","chr11",45383798,45383825
"349","chr11",45900345,45900383
"350","chr11",46121520,46121558
"351","chr11",46738078,46738095
"352","chr11",47546254,47546281
"353","chr11",59628498,59628534
"354","chr11",61546722,61546786
"355","chr11",61871842,61871860
"356","chr11",62613893,62613910
"357","chr11",62983904,62983921
"358","chr11",63839684,63839706
"359","chr11",64220340,64220384
"360","chr11",64234573,64234621
"361","chr11",64251473,64251507
"362","chr11",64713708,64713737
"363","chr11",64778074,64778185
"364","chr11",65872508,65872541
"365","chr11",66420058,66420081
"366","chr11",67119342,67119366
"367","chr11",67266395,67266462
"368","chr11",67420853,67420888
"369","chr11",68120688,68120783
"370","chr11",68212936,68213013
"371","chr11",68439921,68439949
"372","chr11",71452992,71453048
"373","chr11",71527325,71527386
"374","chr11",71582741,71582813
"375","chr11",72244041,72244071
"376","chr11",72642385,72642412
"377","chr11",72642482,72642511
"378","chr11",75351734,75351776
"379","chr11",76784022,76784039
"380","chr11",77129968,77129992
"381","chr11",77492341,77492370
"382","chr11",84300556,84300599
"383","chr11",92224981,92225000
"384","chr11",108745072,108745247
"385","chr11",109036905,109036975
"386","chr11",112658789,112658806
"387","chr11",113475291,113475332
"388","chr11",118925509,118925534
"389","chr11",118925555,118925578
"390","chr11",119149206,119149241
"391","chr11",120033030,120033052
"392","chr11",120623925,120624003
"393","chr11",123560553,123560577
"394","chr11",123741499,123741535
"395","chr11",124880544,124880582
"396","chr11",126083906,126083924
"397","chr11",134342432,134342455
"398","chr11",134412253,134412300
"399","chr12",459905,459936
"400","chr12",1594397,1594432
"401","chr12",2053036,2053070
"402","chr12",2959239,2959286
"403","chr12",3077281,3077345
"404","chr12",5431978,5432032
"405","chr12",6280735,6280753
"406","chr12",6766683,6766702
"407","chr12",6778328,6778382
"408","chr12",6867707,6867732
"409","chr12",8695179,8695219
"410","chr12",14354016,14354075
"411","chr12",19439378,19439437
"412","chr12",19439879,19439914
"413","chr12",24562449,24562498
"414","chr12",25419829,25419877
"415","chr12",25647937,25647978
"416","chr12",25958634,25958662
"417","chr12",26122283,26122314
"418","chr12",26122613,26122661
"419","chr12",26292142,26292164
"420","chr12",27873288,27873359
"421","chr12",28629901,28629930
"422","chr12",30754989,30755033
"423","chr12",32896966,32896987
"424","chr12",40282010,40282218
"425","chr12",45729289,45729306
"426","chr12",47819651,47819696
"427","chr12",47850860,47850877
"428","chr12",47905067,47905104
"429","chr12",48788962,48788980
"430","chr12",49188073,49188113
"431","chr12",50545311,50545347
"432","chr12",51217721,51217744
"433","chr12",51848772,51848789
"434","chr12",53047176,53047203
"435","chr12",53063469,53063508
"436","chr12",53342066,53342088
"437","chr12",53345413,53345431
"438","chr12",53371839,53371857
"439","chr12",54082567,54082614
"440","chr12",55743124,55743170
"441","chr12",56101206,56101229
"442","chr12",56258303,56258321
"443","chr12",57088951,57088980
"444","chr12",57670031,57670061
"445","chr12",57737517,57737541
"446","chr12",65741634,65741660
"447","chr12",67069330,67069353
"448","chr12",71755136,71755172
"449","chr12",88086705,88086736
"450","chr12",90234313,90234360
"451","chr12",91274083,91274105
"452","chr12",96400596,96400639
"453","chr12",96485700,96485726
"454","chr12",103653520,103654039
"455","chr12",103841377,103841412
"456","chr12",104138299,104138369
"457","chr12",106139196,106139217
"458","chr12",106247712,106247747
"459","chr12",108857600,108857623
"460","chr12",109309939,109309994
"461","chr12",110124175,110124284
"462","chr12",110583283,110583300
"463","chr12",110689169,110689211
"464","chr12",111362902,111363018
"465","chr12",112382088,112382118
"466","chr12",113056911,113056931
"467","chr12",114527660,114527721
"468","chr12",114752624,114752670
"469","chr12",115098643,115098757
"470","chr12",118246182,118246226
"471","chr12",119156612,119156652
"472","chr12",119156703,119156759
"473","chr12",120733216,120733266
"474","chr12",121128949,121129005
"475","chr12",121537915,121537933
"476","chr12",121712716,121712742
"477","chr12",122052167,122052184
"478","chr12",122078766,122078783
"479","chr12",122422716,122422746
"480","chr12",122500541,122500563
"481","chr12",122864110,122864131
"482","chr12",123388743,123388770
"483","chr12",124567497,124567542
"484","chr12",124736523,124736834
"485","chr12",124863979,124864012
"486","chr12",127657881,127657904
"487","chr12",128267085,128267136
"488","chr12",130958168,130958189
"489","chr12",131163415,131163442
"490","chr12",131680998,131681231
"491","chr12",131894710,131894736
"492","chr12",131894882,131894931
"493","chr12",132124309,132124486
"494","chr12",132618654,132618689
"495","chr12",132619071,132619305
"496","chr12",132887158,132887183
"497","chr12",133264882,133264934
"498","chr13",20988344,20988372
"499","chr13",21198005,21198070
"500","chr13",23368053,23368079
"501","chr13",25524887,25524947
"502","chr13",25731075,25731243
"503","chr13",26760787,26760868
"504","chr13",27171447,27171488
"505","chr13",27451102,27451121
"506","chr13",27978543,27978572
"507","chr13",30269054,30269085
"508","chr13",30307395,30307416
"509","chr13",30465184,30465210
"510","chr13",32427753,32427779
"511","chr13",33350706,33350736
"512","chr13",35347667,35347707
"513","chr13",36432355,36432453
"514","chr13",36926526,36926552
"515","chr13",37870808,37870834
"516","chr13",40899739,40899769
"517","chr13",41824856,41824901
"518","chr13",49220103,49220129
"519","chr13",49585658,49585678
"520","chr13",51451721,51451752
"521","chr13",71866407,71866431
"522","chr13",74701844,74701933
"523","chr13",77698099,77698125
"524","chr13",78601932,78601997
"525","chr13",78602144,78602215
"526","chr13",78602248,78602281
"527","chr13",78603164,78603190
"528","chr13",80341017,80341050
"529","chr13",84884899,84884928
"530","chr13",84922603,84922643
"531","chr13",91617621,91617647
"532","chr13",95423895,95423957
"533","chr13",96285920,96285942
"534","chr13",98395574,98395608
"535","chr13",99970579,99970612
"536","chr13",104282241,104282308
"537","chr13",106916435,106916471
"538","chr13",106917584,106917642
"539","chr13",106917697,106917724
"540","chr13",109213886,109213908
"541","chr13",111114638,111114661
"542","chr13",112072699,112072725
"543","chr13",112679029,112679116
"544","chr13",112894246,112894318
"545","chr13",112897976,112898003
"546","chr13",113585152,113585181
"547","chr13",113864030,113864058
"548","chr14",16043430,16043926
"549","chr14",16053474,16053493
"550","chr14",19268199,19268219
"551","chr14",21092542,21092563
"552","chr14",21098324,21098381
"553","chr14",21098421,21098489
"554","chr14",22033856,22033896
"555","chr14",23321656,23321681
"556","chr14",24430217,24430236
"557","chr14",26598362,26598385
"558","chr14",31372884,31372928
"559","chr14",32939139,32939173
"560","chr14",36083581,36083630
"561","chr14",49767563,49767591
"562","chr14",50830712,50830739
"563","chr14",56118610,56118647
"564","chr14",59819415,59819444
"565","chr14",61188412,61188453
"566","chr14",61906697,61906830
"567","chr14",65005605,65005668
"568","chr14",69771291,69771318
"569","chr14",73458355,73458384
"570","chr14",73714419,73714445
"571","chr14",76036790,76036835
"572","chr14",77027305,77027333
"573","chr14",77178325,77178471
"574","chr14",77616453,77616477
"575","chr14",77746923,77746945
"576","chr14",87311237,87311408
"577","chr14",90397124,90397144
"578","chr14",93568692,93568724
"579","chr14",95686262,95686321
"580","chr14",97029264,97029290
"581","chr14",97110074,97110106
"582","chr14",99603435,99603466
"583","chr14",99971985,99972012
"584","chr14",100306168,100306186
"585","chr14",101150859,101150916
"586","chr14",101222054,101222076
"587","chr14",101550240,101550716
"588","chr14",101761566,101761618
"589","chr14",101761678,101761715
"590","chr14",101761782,101761882
"591","chr14",102319921,102319938
"592","chr14",104129209,104129292
"593","chr14",104335517,104335534
"594","chr14",104601872,104601894
"595","chr14",104795744,104795790
"596","chr14",104865170,104865240
"597","chr14",104865392,104865409
"598","chr14",105021289,105021336
"599","chr14",105072092,105072141
"600","chr14",105210692,105210711
"601","chr14",105314651,105314739
"602","chr14",105314704,105314745
"603","chr14",105411517,105411546
"604","chr14",105479072,105479093
"605","chr14",105589194,105591282
"606","chr14",105857285,105860389
"607","chr14",106694765,106694785
"608","chr15",20100258,20106497
"609","chr15",20140121,20140242
"610","chr15",20142330,20142394
"611","chr15",20302788,20302814
"612","chr15",20303694,20303839
"613","chr15",21107364,21113019
"614","chr15",21146661,21146782
"615","chr15",21148870,21148934
"616","chr15",21149357,21149485
"617","chr15",22232611,22233005
"618","chr15",23226140,23226194
"619","chr15",26131836,26131885
"620","chr15",28105045,28106033
"621","chr15",28455113,28455162
"622","chr15",29570933,29570977
"623","chr15",30223296,30223328
"624","chr15",32315361,32315392
"625","chr15",37695245,37695270
"626","chr15",40358234,40358279
"627","chr15",43004328,43004395
"628","chr15",43370976,43371006
"629","chr15",52019445,52019474
"630","chr15",52528912,52528965
"631","chr15",52529104,52529132
"632","chr15",56243786,56243840
"633","chr15",57591854,57591893
"634","chr15",59076149,59076167
"635","chr15",59541189,59541285
"636","chr15",61986079,61986145
"637","chr15",62557610,62557633
"638","chr15",64460688,64460718
"639","chr15",64775593,64775662
"640","chr15",65377856,65377899
"641","chr15",67542730,67542758
"642","chr15",68579188,68579229
"643","chr15",68945963,68945988
"644","chr15",70097015,70097045
"645","chr15",70854226,70854265
"646","chr15",71811430,71811470
"647","chr15",72320054,72320077
"648","chr15",73052528,73052552
"649","chr15",73633245,73633271
"650","chr15",73752987,73753005
"651","chr15",73927563,73927580
"652","chr15",74433209,74433241
"653","chr15",75208212,75208290
"654","chr15",78811530,78811566
"655","chr15",80695378,80695400
"656","chr15",82046083,82046101
"657","chr15",83066698,83066737
"658","chr15",84204379,84204406
"659","chr15",84981384,84981403
"660","chr15",85208978,85209005
"661","chr15",88256341,88256366
"662","chr15",88596132,88596273
"663","chr15",89648221,89648240
"664","chr15",90001553,90001576
"665","chr15",90001633,90001660
"666","chr15",90201650,90201684
"667","chr15",92393898,92393929
"668","chr15",94298824,94299059
"669","chr15",96331282,96331299
"670","chr15",96540933,96541090
"671","chr15",99123726,99123743
"672","chr15",100374103,100374185
"673","chr15",101277420,101277439
"674","chr15",101489758,101489785
"675","chr16",19534,19901
"676","chr16",72367,72403
"677","chr16",164691,164983
"678","chr16",190055,190072
"679","chr16",352915,352943
"680","chr16",579011,579046
"681","chr16",642266,642286
"682","chr16",695344,695392
"683","chr16",705952,705980
"684","chr16",769164,769269
"685","chr16",788403,788443
"686","chr16",981783,981804
"687","chr16",1152698,1152732
"688","chr16",1153017,1153096
"689","chr16",1153343,1153402
"690","chr16",1212151,1212171
"691","chr16",1389056,1389077
"692","chr16",1457197,1457214
"693","chr16",1487999,1488016
"694","chr16",1507764,1507939
"695","chr16",1614312,1614340
"696","chr16",1964483,1964527
"697","chr16",2026858,2026889
"698","chr16",2155962,2155996
"699","chr16",2196572,2196598
"700","chr16",2196644,2196681
"701","chr16",2214765,2214811
"702","chr16",2238236,2238260
"703","chr16",2513789,2513811
"704","chr16",2960044,2960081
"705","chr16",3046537,3046556
"706","chr16",3135099,3135139
"707","chr16",3880140,3880163
"708","chr16",3880450,3880522
"709","chr16",4387524,4387564
"710","chr16",4693887,4693922
"711","chr16",5298427,5298670
"712","chr16",6214303,6215364
"713","chr16",8640584,8640957
"714","chr16",8869205,8869232
"715","chr16",8963346,8963393
"716","chr16",8963604,8963641
"717","chr16",8981457,8981499
"718","chr16",11515846,11515922
"719","chr16",11668332,11668356
"720","chr16",12901560,12901593
"721","chr16",14071327,14071358
"722","chr16",14302006,14302062
"723","chr16",15858334,15858357
"724","chr16",15949523,15949548
"725","chr16",15949612,15949633
"726","chr16",16486260,16486299
"727","chr16",17327607,17327628
"728","chr16",19446025,19446053
"729","chr16",21599903,21599930
"730","chr16",27067473,27067491
"731","chr16",27579858,27579880
"732","chr16",28320763,28320823
"733","chr16",28863894,28863918
"734","chr16",28925338,28925367
"735","chr16",29745746,29745768
"736","chr16",29806405,29806456
"737","chr16",30369936,30369970
"738","chr16",31010525,31010547
"739","chr16",31202229,31202246
"740","chr16",32288658,32288680
"741","chr16",32339843,32339905
"742","chr16",32340067,32340100
"743","chr16",32726880,32726916
"744","chr16",33335931,33340031
"745","chr16",33494903,33494925
"746","chr16",33546128,33546178
"747","chr16",33547165,33547191
"748","chr16",33711795,33711821
"749","chr16",34001238,34001288
"750","chr16",34155182,34155956
"751","chr16",35722360,35722388
"752","chr16",49492462,49492501
"753","chr16",49530437,49530459
"754","chr16",49855515,49855622
"755","chr16",50153836,50153864
"756","chr16",50246028,50246072
"757","chr16",50369092,50369125
"758","chr16",50414366,50414408
"759","chr16",50693580,50693613
"760","chr16",51135018,51135046
"761","chr16",51151339,51151361
"762","chr16",52547069,52547087
"763","chr16",54931410,54931432
"764","chr16",56425421,56425457
"765","chr16",56425449,56425472
"766","chr16",57245497,57245520
"767","chr16",58051412,58051653
"768","chr16",58198228,58198254
"769","chr16",58198231,58198264
"770","chr16",61428488,61428528
"771","chr16",61864262,61864345
"772","chr16",66427131,66427160
"773","chr16",66427238,66427255
"774","chr16",66427343,66427392
"775","chr16",66604813,66604843
"776","chr16",66696594,66696631
"777","chr16",67013883,67013901
"778","chr16",67029118,67029213
"779","chr16",67416368,67416420
"780","chr16",68021123,68021142
"781","chr16",68338858,68338875
"782","chr16",69318788,69318806
"783","chr16",69820826,69820857
"784","chr16",70457565,70457595
"785","chr16",70660958,70661010
"786","chr16",71922604,71922637
"787","chr16",72787695,72787758
"788","chr16",73071477,73071498
"789","chr16",73096162,73096195
"790","chr16",73912832,73913106
"791","chr16",75516837,75516855
"792","chr16",79599320,79599361
"793","chr16",80804055,80804074
"794","chr16",81923173,81923259
"795","chr16",82113349,82113432
"796","chr16",82628256,82628278
"797","chr16",83967355,83968042
"798","chr16",84648441,84648468
"799","chr16",84901014,84901044
"800","chr16",85169381,85169407
"801","chr16",85519258,85519760
"802","chr16",85554800,85554818
"803","chr16",85830800,85830826
"804","chr16",86497618,86497643
"805","chr16",86510482,86510511
"806","chr16",86930854,86931081
"807","chr16",87271069,87271151
"808","chr16",87492304,87492424
"809","chr16",87603539,87603562
"810","chr16",88459530,88459626
"811","chr16",88533626,88533648
"812","chr16",88611302,88611389
"813","chr16",88643612,88643634
"814","chr16",89171343,89171376
"815","chr16",89565284,89565315
"816","chr16",89586545,89586562
"817","chr16",90171751,90171773
"818","chr17",61940,61962
"819","chr17",142611,142633
"820","chr17",979452,979484
"821","chr17",1109234,1109253
"822","chr17",1179471,1179520
"823","chr17",1179868,1179903
"824","chr17",1562635,1562652
"825","chr17",1627889,1627912
"826","chr17",2057107,2057134
"827","chr17",3642065,3642165
"828","chr17",3964146,3964164
"829","chr17",4598932,4598974
"830","chr17",5229864,5229974
"831","chr17",6070390,6070442
"832","chr17",6094537,6094821
"833","chr17",7417242,7417267
"834","chr17",7438282,7438300
"835","chr17",7479532,7479562
"836","chr17",9116300,9116320
"837","chr17",9240731,9240754
"838","chr17",10036993,10037010
"839","chr17",10198741,10198775
"840","chr17",15738612,15738629
"841","chr17",16000038,16000090
"842","chr17",17042418,17042454
"843","chr17",17042812,17042845
"844","chr17",17184741,17184766
"845","chr17",17496283,17496355
"846","chr17",17496852,17496870
"847","chr17",20450181,20450205
"848","chr17",21851232,21983441
"849","chr17",21983559,21984549
"850","chr17",21985159,21992022
"851","chr17",26860263,26876740
"852","chr17",29080016,29080046
"853","chr17",30291955,30291981
"854","chr17",31391533,31391555
"855","chr17",32258826,32258861
"856","chr17",32487008,32487041
"857","chr17",34980634,34980665
"858","chr17",35089304,35089324
"859","chr17",35460666,35460686
"860","chr17",35732003,35732025
"861","chr17",35865033,35865087
"862","chr17",36729237,36729259
"863","chr17",36864678,36864803
"864","chr17",37359406,37359439
"865","chr17",37489936,37489958
"866","chr17",38256655,38256740
"867","chr17",38419216,38419253
"868","chr17",38454151,38454174
"869","chr17",38578449,38578476
"870","chr17",38606790,38606814
"871","chr17",38630208,38630234
"872","chr17",39618156,39618191
"873","chr17",40443675,40443720
"874","chr17",41875407,41875469
"875","chr17",42131382,42131454
"876","chr17",42532184,42532225
"877","chr17",42548615,42548662
"878","chr17",44830229,44830272
"879","chr17",44913995,44914023
"880","chr17",45115364,45115410
"881","chr17",45132560,45132617
"882","chr17",45602116,45602154
"883","chr17",45784362,45784385
"884","chr17",46243783,46243821
"885","chr17",46795841,46795881
"886","chr17",47531713,47531790
"887","chr17",47650555,47650579
"888","chr17",48492306,48492338
"889","chr17",48564425,48564447
"890","chr17",48719206,48719250
"891","chr17",49230741,49230765
"892","chr17",49575651,49575672
"893","chr17",49839989,49840018
"894","chr17",50151017,50151038
"895","chr17",50345996,50346021
"896","chr17",51479415,51479437
"897","chr17",57874845,57874889
"898","chr17",60078659,60078676
"899","chr17",61400131,61400152
"900","chr17",62808389,62808409
"901","chr17",63477433,63477475
"902","chr17",63622591,63622609
"903","chr17",63950429,63950453
"904","chr17",64661886,64661917
"905","chr17",64662374,64662411
"906","chr17",65121736,65121753
"907","chr17",65487723,65489045
"908","chr17",65561686,65561722
"909","chr17",66433282,66433315
"910","chr17",66871866,66871888
"911","chr17",66964856,66964891
"912","chr17",67425469,67425486
"913","chr17",68205729,68205764
"914","chr17",72540475,72540492
"915","chr17",74213466,74213520
"916","chr17",74861776,74861794
"917","chr17",74862247,74862266
"918","chr17",74972701,74972733
"919","chr17",75516564,75516582
"920","chr17",75878257,75878299
"921","chr17",75896670,75896697
"922","chr17",76087991,76088017
"923","chr17",76121571,76121598
"924","chr17",76509733,76509762
"925","chr17",77281361,77281398
"926","chr17",77735767,77735784
"927","chr17",77958769,77958794
"928","chr17",78132306,78132328
"929","chr17",79778066,79778148
"930","chr17",79795323,79795363
"931","chr17",79840702,79840719
"932","chr17",80205245,80205307
"933","chr17",80476474,80476519
"934","chr17",80477752,80477774
"935","chr17",81120445,81120462
"936","chr17",81204674,81204736
"937","chr17",81528058,81528080
"938","chr17",81809148,81809208
"939","chr17",81833183,81833253
"940","chr17",81871218,81871285
"941","chr17",81891462,81891496
"942","chr17",81968137,81968163
"943","chr17",82051638,82051680
"944","chr18",310720,310816
"945","chr18",3584255,3584277
"946","chr18",4981856,4981887
"947","chr18",7117874,7117900
"948","chr18",11110688,11110719
"949","chr18",11689660,11689682
"950","chr18",13259686,13259708
"951","chr18",14171953,14171997
"952","chr18",14173346,14173435
"953","chr18",14378589,14378611
"954","chr18",25351068,25351115
"955","chr18",25351873,25351922
"956","chr18",25351928,25351974
"957","chr18",25352314,25352439
"958","chr18",32186832,32186849
"959","chr18",32772085,32772128
"960","chr18",33578359,33578408
"961","chr18",35343851,35343876
"962","chr18",35581829,35581855
"963","chr18",37243909,37243928
"964","chr18",42521583,42521647
"965","chr18",48161691,48161711
"966","chr18",48539090,48539144
"967","chr18",48841674,48841700
"968","chr18",48979145,48979197
"969","chr18",50560063,50560088
"970","chr18",51007003,51007029
"971","chr18",51030712,51030733
"972","chr18",51039480,51039511
"973","chr18",53638531,53638554
"974","chr18",54224273,54224337
"975","chr18",58863505,58863525
"976","chr18",61569155,61569177
"977","chr18",72867706,72867724
"978","chr18",72867777,72867805
"979","chr18",76491274,76491300
"980","chr18",78979746,78979780
"981","chr18",79400357,79400383
"982","chr18",80247422,80247449
"983","chr19",197299,197321
"984","chr19",390941,390968
"985","chr19",409177,409194
"986","chr19",556006,556027
"987","chr19",589795,589828
"988","chr19",589896,589914
"989","chr19",590340,590366
"990","chr19",613555,613582
"991","chr19",613675,613724
"992","chr19",878424,878456
"993","chr19",878917,878949
"994","chr19",929363,929380
"995","chr19",1082273,1082296
"996","chr19",1248491,1248524
"997","chr19",1286085,1286105
"998","chr19",1395489,1395508
"999","chr19",1407620,1407662
"1000","chr19",1424306,1424374
"1001","chr19",1470554,1470581
"1002","chr19",1568182,1568248
"1003","chr19",1568436,1568467
"1004","chr19",1605253,1605272
"1005","chr19",1753827,1753894
"1006","chr19",2308143,2308175
"1007","chr19",2721405,2721470
"1008","chr19",2867439,2867461
"1009","chr19",2974912,2974934
"1010","chr19",3094057,3094122
"1011","chr19",3206051,3206107
"1012","chr19",3224696,3224720
"1013","chr19",4013403,4013420
"1014","chr19",4065465,4065492
"1015","chr19",4237295,4237314
"1016","chr19",4639506,4639536
"1017","chr19",5065723,5065748
"1018","chr19",5222362,5222387
"1019","chr19",5229457,5229482
"1020","chr19",5804997,5805036
"1021","chr19",6279708,6279743
"1022","chr19",6279823,6279868
"1023","chr19",6739631,6739659
"1024","chr19",7214789,7214841
"1025","chr19",7294486,7294511
"1026","chr19",7450432,7450449
"1027","chr19",7450472,7450489
"1028","chr19",7926052,7926070
"1029","chr19",8209061,8209130
"1030","chr19",8413344,8413368
"1031","chr19",8660529,8660620
"1032","chr19",10432452,10432474
"1033","chr19",10871564,10871651
"1034","chr19",10986524,10986552
"1035","chr19",11164711,11164759
"1036","chr19",11262453,11262496
"1037","chr19",11262514,11262546
"1038","chr19",11481003,11481020
"1039","chr19",12156311,12156334
"1040","chr19",12933754,12933771
"1041","chr19",12995746,12995769
"1042","chr19",13795615,13795641
"1043","chr19",14496042,14496085
"1044","chr19",15107327,15107386
"1045","chr19",15871141,15871158
"1046","chr19",16520205,16520231
"1047","chr19",17026678,17026708
"1048","chr19",17947800,17947827
"1049","chr19",18156115,18156148
"1050","chr19",18441979,18442637
"1051","chr19",18443194,18443211
"1052","chr19",18606842,18606874
"1053","chr19",18929297,18929331
"1054","chr19",19533442,19533509
"1055","chr19",19628813,19628838
"1056","chr19",29694704,29694722
"1057","chr19",29909932,29910391
"1058","chr19",31073542,31073781
"1059","chr19",31355188,31355211
"1060","chr19",32593726,32593743
"1061","chr19",33194658,33194746
"1062","chr19",34365134,34365157
"1063","chr19",34426251,34426268
"1064","chr19",35269029,35269065
"1065","chr19",35269188,35269217
"1066","chr19",35269725,35269742
"1067","chr19",35718289,35718325
"1068","chr19",35775723,35775757
"1069","chr19",36274645,36274709
"1070","chr19",36277188,36277264
"1071","chr19",36282275,36282335
"1072","chr19",36284814,36284868
"1073","chr19",36289883,36289941
"1074","chr19",36294946,36294990
"1075","chr19",36297469,36297525
"1076","chr19",36300004,36300060
"1077","chr19",38081728,38081757
"1078","chr19",38566937,38566968
"1079","chr19",38849704,38849753
"1080","chr19",38849836,38849862
"1081","chr19",39342443,39342466
"1082","chr19",39406768,39406802
"1083","chr19",39515578,39515597
"1084","chr19",40285268,40285307
"1085","chr19",40467178,40467231
"1086","chr19",40597140,40597177
"1087","chr19",40597317,40597340
"1088","chr19",40690743,40690760
"1089","chr19",41330996,41331048
"1090","chr19",42253860,42253887
"1091","chr19",44846415,44846434
"1092","chr19",44903205,44903225
"1093","chr19",45064465,45064510
"1094","chr19",45076379,45076427
"1095","chr19",45145564,45145591
"1096","chr19",45179490,45179511
"1097","chr19",45195546,45195602
"1098","chr19",45496963,45496995
"1099","chr19",45771741,45771762
"1100","chr19",46717082,46717100
"1101","chr19",46746095,46746116
"1102","chr19",46861083,46861119
"1103","chr19",47231234,47231265
"1104","chr19",47243283,47243326
"1105","chr19",47520254,47520276
"1106","chr19",47991439,47991903
"1107","chr19",48625822,48625846
"1108","chr19",49107821,49107839
"1109","chr19",49591791,49591818
"1110","chr19",49597935,49597958
"1111","chr19",49703071,49703100
"1112","chr19",50568343,50568371
"1113","chr19",50568459,50568525
"1114","chr19",50695080,50695108
"1115","chr19",50719819,50719869
"1116","chr19",50833936,50833980
"1117","chr19",50938327,50938353
"1118","chr19",50949177,50949221
"1119","chr19",51312748,51312765
"1120","chr19",52527514,52527542
"1121","chr19",52942710,52942738
"1122","chr19",53867813,53867844
"1123","chr19",53982004,53982043
"1124","chr19",53982546,53982631
"1125","chr19",54171966,54171995
"1126","chr19",54634697,54634730
"1127","chr19",55284493,55284513
"1128","chr19",55553891,55553930
"1129","chr19",55579541,55579595
"1130","chr19",55605591,55605619
"1131","chr19",55781138,55781172
"1132","chr19",56538768,56538879
"1133","chr19",58051463,58051486
"1134","chr19",58059342,58059368
"1135","chr19",58118470,58118505
"1136","chr2",32388,32405
"1137","chr2",46611,46628
"1138","chr2",676987,677015
"1139","chr2",1221214,1222172
"1140","chr2",1942993,1943129
"1141","chr2",3345949,3345969
"1142","chr2",4966597,4966790
"1143","chr2",6917826,6917887
"1144","chr2",6938219,6938250
"1145","chr2",9474539,9474557
"1146","chr2",9565948,9565974
"1147","chr2",9630456,9630478
"1148","chr2",10043622,10043639
"1149","chr2",10460430,10460447
"1150","chr2",11113200,11113892
"1151","chr2",11155100,11155151
"1152","chr2",11155286,11155351
"1153","chr2",11344312,11344350
"1154","chr2",11538693,11538722
"1155","chr2",11746554,11746594
"1156","chr2",17878589,17878622
"1157","chr2",23385449,23385469
"1158","chr2",23385853,23385871
"1159","chr2",23950000,23950027
"1160","chr2",24491167,24491212
"1161","chr2",25131914,25131946
"1162","chr2",25340854,25340878
"1163","chr2",26971013,26971044
"1164","chr2",36966899,36966928
"1165","chr2",37156911,37156939
"1166","chr2",37671682,37671718
"1167","chr2",42048145,42048162
"1168","chr2",50411027,50411067
"1169","chr2",54255567,54255590
"1170","chr2",56184633,56184670
"1171","chr2",60552422,60552444
"1172","chr2",63059974,63060005
"1173","chr2",64988911,64988955
"1174","chr2",66642228,66642321
"1175","chr2",66889222,66889244
"1176","chr2",68288058,68288093
"1177","chr2",72149076,72149122
"1178","chr2",72919181,72919218
"1179","chr2",73112975,73113006
"1180","chr2",84970831,84970855
"1181","chr2",85133613,85133640
"1182","chr2",85133696,85133744
"1183","chr2",85754393,85754419
"1184","chr2",85754557,85754575
"1185","chr2",86019892,86019935
"1186","chr2",86833478,86833577
"1187","chr2",86913996,86914017
"1188","chr2",86914019,86914954
"1189","chr2",87232490,87232513
"1190","chr2",87353667,87353693
"1191","chr2",87354269,87354417
"1192","chr2",87824700,87824718
"1193","chr2",87824715,87824888
"1194","chr2",87825374,87825492
"1195","chr2",87825494,87825545
"1196","chr2",88001885,88001907
"1197","chr2",89569148,89569195
"1198","chr2",89811301,89835239
"1199","chr2",90249887,90249913
"1200","chr2",90251359,90251424
"1201","chr2",90296395,90298617
"1202","chr2",91498434,91501095
"1203","chr2",91566819,91566845
"1204","chr2",91643500,91643547
"1205","chr2",91983897,91983963
"1206","chr2",94213831,94213968
"1207","chr2",94214710,94214761
"1208","chr2",94778619,94778654
"1209","chr2",95242814,95242835
"1210","chr2",95483834,95483856
"1211","chr2",98731097,98731164
"1212","chr2",98731172,98731211
"1213","chr2",104855294,104855487
"1214","chr2",104855819,104855856
"1215","chr2",106571004,106571039
"1216","chr2",108534653,108534695
"1217","chr2",109760345,109760465
"1218","chr2",110611030,110611150
"1219","chr2",111672019,111672100
"1220","chr2",112719826,112719843
"1221","chr2",112719841,112719867
"1222","chr2",113067088,113067275
"1223","chr2",113602929,113603480
"1224","chr2",118014107,118014133
"1225","chr2",121332074,121332110
"1226","chr2",126656201,126656227
"1227","chr2",126776695,126776753
"1228","chr2",127334105,127334122
"1229","chr2",127885989,127886016
"1230","chr2",132277397,132277438
"1231","chr2",132671543,132671561
"1232","chr2",134120720,134120737
"1233","chr2",136314575,136314791
"1234","chr2",154561197,154561229
"1235","chr2",155032094,155032125
"1236","chr2",162934314,162934352
"1237","chr2",163736336,163736362
"1238","chr2",168048504,168048521
"1239","chr2",168247287,168247314
"1240","chr2",168247545,168247571
"1241","chr2",169734139,169734191
"1242","chr2",170770830,170770875
"1243","chr2",170963451,170963487
"1244","chr2",173964685,173964706
"1245","chr2",176092853,176092891
"1246","chr2",176107582,176107653
"1247","chr2",177392858,177392887
"1248","chr2",179861434,179861452
"1249","chr2",181891920,181891942
"1250","chr2",182716097,182716117
"1251","chr2",190649077,190649132
"1252","chr2",196491370,196491407
"1253","chr2",197705241,197705268
"1254","chr2",197804943,197804977
"1255","chr2",200510181,200510206
"1256","chr2",202376172,202376200
"1257","chr2",204545612,204545655
"1258","chr2",217859025,217859099
"1259","chr2",218568351,218568369
"1260","chr2",218845893,218845938
"1261","chr2",219059128,219059145
"1262","chr2",219229573,219229601
"1263","chr2",219441968,219442007
"1264","chr2",219534765,219534822
"1265","chr2",225395508,225395534
"1266","chr2",227777725,227777986
"1267","chr2",232378593,232378620
"1268","chr2",232487582,232487616
"1269","chr2",233347316,233347365
"1270","chr2",233354422,233354493
"1271","chr2",233354760,233354786
"1272","chr2",234497117,234497166
"1273","chr2",234952059,234952076
"1274","chr2",236142366,236142392
"1275","chr2",236237338,236237446
"1276","chr2",237627564,237627591
"1277","chr2",238240356,238240377
"1278","chr2",238320562,238320591
"1279","chr2",239084556,239084700
"1280","chr2",239737396,239738351
"1281","chr2",239921927,239922118
"1282","chr2",240435520,240435564
"1283","chr2",240568376,240568400
"1284","chr2",240640025,240641032
"1285","chr2",241272691,241272730
"1286","chr20",60232,63163
"1287","chr20",407943,408045
"1288","chr20",1277356,1278271
"1289","chr20",3045700,3045717
"1290","chr20",4248656,4248673
"1291","chr20",4890726,4890748
"1292","chr20",5604775,5604806
"1293","chr20",5610705,5610722
"1294","chr20",5701332,5701375
"1295","chr20",10946734,10946784
"1296","chr20",13221213,13221286
"1297","chr20",13221553,13221581
"1298","chr20",13221723,13221749
"1299","chr20",17226843,17226864
"1300","chr20",17433828,17433888
"1301","chr20",17787565,17787584
"1302","chr20",19212481,19212512
"1303","chr20",19758148,19758198
"1304","chr20",20368802,20368827
"1305","chr20",23638195,23638265
"1306","chr20",25082348,25082370
"1307","chr20",29750304,29750322
"1308","chr20",29751590,29752388
"1309","chr20",30510427,30510463
"1310","chr20",31051527,31106882
"1311","chr20",32058606,32058649
"1312","chr20",32059354,32059378
"1313","chr20",32585360,32585383
"1314","chr20",33490045,33490080
"1315","chr20",34131787,34131847
"1316","chr20",35226774,35226798
"1317","chr20",35652813,35652841
"1318","chr20",36306392,36306420
"1319","chr20",36461519,36461545
"1320","chr20",36461656,36461703
"1321","chr20",37354581,37354606
"1322","chr20",42177847,42177874
"1323","chr20",42935703,42935741
"1324","chr20",44754392,44754415
"1325","chr20",45348468,45348496
"1326","chr20",45641235,45641272
"1327","chr20",46174836,46174890
"1328","chr20",47785879,47785908
"1329","chr20",48598819,48598846
"1330","chr20",49188090,49188108
"1331","chr20",49484170,49484198
"1332","chr20",50010101,50010135
"1333","chr20",50191335,50191359
"1334","chr20",52610736,52611246
"1335","chr20",54208234,54208253
"1336","chr20",54766732,54766838
"1337","chr20",57709912,57709939
"1338","chr20",58692793,58692882
"1339","chr20",58891680,58891726
"1340","chr20",59420477,59420503
"1341","chr20",59587733,59587781
"1342","chr20",61193150,61193179
"1343","chr20",61311192,61311219
"1344","chr20",61483668,61483689
"1345","chr20",62065254,62065302
"1346","chr20",62220118,62220136
"1347","chr20",62238736,62238756
"1348","chr20",62422548,62422687
"1349","chr20",62794304,62794351
"1350","chr20",62860956,62860982
"1351","chr20",62861163,62861181
"1352","chr20",62980991,62981013
"1353","chr20",63177602,63177625
"1354","chr20",63359870,63359929
"1355","chr20",63442562,63443594
"1356","chr20",63641889,63641949
"1357","chr20",63642048,63642104
"1358","chr20",63739711,63739774
"1359","chr20",63739828,63739854
"1360","chr20",63740224,63740250
"1361","chr20",63895148,63895181
"1362","chr20",63895542,63895562
"1363","chr20",63969836,63969862
"1364","chr20",64083738,64083758
"1365","chr20",64255876,64255896
"1366","chr21",5052248,5052874
"1367","chr21",5146230,5146256
"1368","chr21",6111063,6111098
"1369","chr21",7915871,7957766
"1370","chr21",8209497,8209540
"1371","chr21",8221788,8221849
"1372","chr21",8253712,8253751
"1373","chr21",8392532,8392575
"1374","chr21",8402454,8402502
"1375","chr21",8404787,8404848
"1376","chr21",8411140,8413320
"1377","chr21",8436746,8436785
"1378","chr21",8448994,8449055
"1379","chr21",8657254,8657304
"1380","chr21",8988039,8988082
"1381","chr21",10651737,10738591
"1382","chr21",13987701,13987769
"1383","chr21",14056351,14056395
"1384","chr21",14558687,14558719
"1385","chr21",17510287,17510351
"1386","chr21",25716068,25716089
"1387","chr21",29286993,29287026
"1388","chr21",30755257,30755352
"1389","chr21",33403342,33403378
"1390","chr21",33609680,33609713
"1391","chr21",36542843,36542874
"1392","chr21",37367637,37367663
"1393","chr21",37368104,37368122
"1394","chr21",42183384,42184300
"1395","chr21",42513726,42513750
"1396","chr21",42974739,42974771
"1397","chr21",43427164,43427199
"1398","chr21",43719206,43719238
"1399","chr21",44241004,44241028
"1400","chr21",44299996,44300047
"1401","chr21",44407132,44407159
"1402","chr21",45018905,45018929
"1403","chr21",45287191,45287221
"1404","chr22",10634383,10634433
"1405","chr22",11254044,11254063
"1406","chr22",11261950,11261981
"1407","chr22",11263615,11264111
"1408","chr22",11619463,11620258
"1409","chr22",16601255,16601278
"1410","chr22",17199113,17199131
"1411","chr22",19291802,19291889
"1412","chr22",19761029,19761077
"1413","chr22",21867648,21867670
"1414","chr22",22292466,22292611
"1415","chr22",23070507,23070532
"1416","chr22",23381238,23381327
"1417","chr22",23402667,23402694
"1418","chr22",23839738,23839784
"1419","chr22",24156091,24156139
"1420","chr22",25098284,25098301
"1421","chr22",25183427,25183464
"1422","chr22",26429330,26429358
"1423","chr22",26429604,26429629
"1424","chr22",27451986,27452510
"1425","chr22",28883804,28883881
"1426","chr22",29734823,29734849
"1427","chr22",30317414,30317438
"1428","chr22",30387147,30387164
"1429","chr22",30574600,30574636
"1430","chr22",30574608,30574644
"1431","chr22",30635796,30635835
"1432","chr22",30721245,30721276
"1433","chr22",31107584,31107605
"1434","chr22",31276727,31276745
"1435","chr22",31346203,31346252
"1436","chr22",32721427,32721455
"1437","chr22",32990268,32990457
"1438","chr22",35780357,35780389
"1439","chr22",37427859,37427886
"1440","chr22",37650658,37650692
"1441","chr22",38317348,38317375
"1442","chr22",38336248,38336296
"1443","chr22",38398921,38398946
"1444","chr22",38843958,38843998
"1445","chr22",38872066,38872084
"1446","chr22",39009422,39009451
"1447","chr22",39101146,39101173
"1448","chr22",39152470,39152487
"1449","chr22",39703581,39703638
"1450","chr22",39994904,39994931
"1451","chr22",39995004,39995039
"1452","chr22",40951150,40951179
"1453","chr22",41911581,41911605
"1454","chr22",41915070,41915109
"1455","chr22",42270728,42270778
"1456","chr22",42649343,42649362
"1457","chr22",42856945,42856972
"1458","chr22",43151471,43151494
"1459","chr22",44331718,44331752
"1460","chr22",44331888,44331958
"1461","chr22",44498233,44498263
"1462","chr22",44668730,44668767
"1463","chr22",44783055,44783079
"1464","chr22",45009463,45009489
"1465","chr22",45240929,45241012
"1466","chr22",45604905,45604940
"1467","chr22",46687573,46687595
"1468","chr22",48086844,48086995
"1469","chr22",48575599,48575629
"1470","chr22",48575870,48575900
"1471","chr22",49091088,49091140
"1472","chr22",49748938,49748988
"1473","chr22",49961049,49961083
"1474","chr22",50178188,50178226
"1475","chr22",50201378,50201397
"1476","chr22",50261342,50261376
"1477","chr22",50270313,50270349
"1478","chr22",50612858,50612908
"1479","chr22",50628181,50628232
"1480","chr22",50674487,50674516
"1481","chr3",9397652,9397691
"1482","chr3",9569455,9569483
"1483","chr3",9952144,9952181
"1484","chr3",10707979,10707997
"1485","chr3",10951676,10951719
"1486","chr3",11130985,11131020
"1487","chr3",11719571,11719590
"1488","chr3",12768885,12768956
"1489","chr3",12994184,12994207
"1490","chr3",13282756,13282783
"1491","chr3",13549162,13549189
"1492","chr3",13880137,13880169
"1493","chr3",14171823,14171867
"1494","chr3",14402531,14402567
"1495","chr3",14810590,14810664
"1496","chr3",14948587,14948622
"1497","chr3",15859563,15859610
"1498","chr3",18445289,18445308
"1499","chr3",23746753,23746782
"1500","chr3",26629186,26629232
"1501","chr3",28575970,28575998
"1502","chr3",28628958,28628989
"1503","chr3",31532902,31532922
"1504","chr3",33440411,33440437
"1505","chr3",35376212,35376316
"1506","chr3",37862108,37862141
"1507","chr3",41961551,41961570
"1508","chr3",45225517,45225552
"1509","chr3",45225812,45225830
"1510","chr3",46469945,46469962
"1511","chr3",46846067,46846093
"1512","chr3",46898909,46898949
"1513","chr3",47476084,47476106
"1514","chr3",47578310,47578354
"1515","chr3",47578821,47578895
"1516","chr3",49093926,49093969
"1517","chr3",49554659,49554698
"1518","chr3",49554786,49554820
"1519","chr3",49668961,49668984
"1520","chr3",50124286,50124330
"1521","chr3",50697599,50697622
"1522","chr3",51250625,51250644
"1523","chr3",51706996,51707030
"1524","chr3",51967510,51967531
"1525","chr3",54122472,54122537
"1526","chr3",56468325,56468352
"1527","chr3",57079272,57079297
"1528","chr3",62378127,62378157
"1529","chr3",64687877,64687910
"1530","chr3",65379376,65379426
"1531","chr3",71725484,71725513
"1532","chr3",72888069,72888105
"1533","chr3",73217692,73217741
"1534","chr3",74614676,74614698
"1535","chr3",97481668,97481705
"1536","chr3",99876085,99876116
"1537","chr3",100611245,100611340
"1538","chr3",105869047,105869079
"1539","chr3",110541511,110541534
"1540","chr3",120887257,120887280
"1541","chr3",122184289,122184309
"1542","chr3",123641741,123641817
"1543","chr3",124033446,124033468
"1544","chr3",124887046,124887095
"1545","chr3",125357264,125357289
"1546","chr3",125519939,125519982
"1547","chr3",126260035,126260088
"1548","chr3",126343153,126343179
"1549","chr3",126357535,126357578
"1550","chr3",126982996,126983027
"1551","chr3",126983208,126983271
"1552","chr3",127108742,127109143
"1553","chr3",127385632,127385651
"1554","chr3",128153729,128153751
"1555","chr3",128497941,128497973
"1556","chr3",128953568,128953643
"1557","chr3",129121679,129121714
"1558","chr3",130903701,130903737
"1559","chr3",134250656,134250674
"1560","chr3",135966037,135966058
"1561","chr3",139888804,139888824
"1562","chr3",141486916,141486962
"1563","chr3",141876476,141876504
"1564","chr3",156606247,156606266
"1565","chr3",156674864,156674889
"1566","chr3",158105810,158105854
"1567","chr3",159763931,159763985
"1568","chr3",160755575,160755604
"1569","chr3",169663059,169663080
"1570","chr3",177197619,177197654
"1571","chr3",179653183,179653208
"1572","chr3",182793445,182793468
"1573","chr3",182980542,182980560
"1574","chr3",184261471,184261542
"1575","chr3",184379814,184379851
"1576","chr3",184380176,184380204
"1577","chr3",184562182,184562216
"1578","chr3",184568932,184568965
"1579","chr3",185914316,185914344
"1580","chr3",188154188,188154228
"1581","chr3",194058254,194058279
"1582","chr3",194804210,194804258
"1583","chr3",195747963,195747996
"1584","chr3",195894681,195894699
"1585","chr3",195931255,195931300
"1586","chr3",196740043,196740067
"1587","chr3",197369789,197369873
"1588","chr3",198222223,198222245
"1589","chr4",689222,689241
"1590","chr4",826222,826506
"1591","chr4",973352,973374
"1592","chr4",1003182,1003199
"1593","chr4",1011702,1011724
"1594","chr4",1012004,1012030
"1595","chr4",1025499,1025522
"1596","chr4",1265696,1265722
"1597","chr4",1535264,1535330
"1598","chr4",1535434,1535562
"1599","chr4",1793205,1793247
"1600","chr4",1871335,1871369
"1601","chr4",2262612,2262630
"1602","chr4",2387057,2387082
"1603","chr4",2792975,2793001
"1604","chr4",2843944,2843963
"1605","chr4",3074939,3074968
"1606","chr4",3138066,3138129
"1607","chr4",3293109,3293132
"1608","chr4",4675305,4675479
"1609","chr4",4857047,4857082
"1610","chr4",5748478,5748805
"1611","chr4",5893097,5893144
"1612","chr4",7190236,7190254
"1613","chr4",8683572,8684015
"1614","chr4",10116586,10116609
"1615","chr4",13627498,13627570
"1616","chr4",16457641,16457740
"1617","chr4",22515679,22515697
"1618","chr4",22516046,22516063
"1619","chr4",25233915,25233937
"1620","chr4",26460989,26461006
"1621","chr4",28667796,28667874
"1622","chr4",37454006,37454029
"1623","chr4",37977356,37977379
"1624","chr4",38192694,38192726
"1625","chr4",38663526,38663550
"1626","chr4",39107389,39107407
"1627","chr4",41098010,41098032
"1628","chr4",42196863,42196898
"1629","chr4",48185775,48185886
"1630","chr4",49091249,49156598
"1631","chr4",49631298,49658068
"1632","chr4",54100781,54100829
"1633","chr4",60121892,60122713
"1634","chr4",77075475,77075502
"1635","chr4",77819761,77819786
"1636","chr4",78776615,78776635
"1637","chr4",82561547,82561572
"1638","chr4",83010797,83010814
"1639","chr4",84110833,84110886
"1640","chr4",87720882,87720949
"1641","chr4",93448784,93448953
"1642","chr4",97452110,97452141
"1643","chr4",98261351,98261378
"1644","chr4",98931317,98931435
"1645","chr4",98995555,98995584
"1646","chr4",101346096,101346114
"1647","chr4",103336415,103336523
"1648","chr4",104491308,104491338
"1649","chr4",110613188,110613237
"1650","chr4",111178080,111178146
"1651","chr4",112516023,112516041
"1652","chr4",115274136,115274159
"1653","chr4",118634711,118634733
"1654","chr4",119405913,119405935
"1655","chr4",120211646,120211671
"1656","chr4",121237896,121238009
"1657","chr4",122827056,122827113
"1658","chr4",124470395,124470587
"1659","chr4",132344811,132344853
"1660","chr4",132344890,132344948
"1661","chr4",138853456,138853478
"1662","chr4",139736102,139736125
"1663","chr4",140154108,140154129
"1664","chr4",143912123,143912163
"1665","chr4",145761715,145761733
"1666","chr4",151409092,151409142
"1667","chr4",152535804,152535850
"1668","chr4",152616981,152617012
"1669","chr4",163342950,163342977
"1670","chr4",165326888,165326912
"1671","chr4",170053603,170053621
"1672","chr4",170478211,170478889
"1673","chr4",173529188,173529229
"1674","chr4",173529557,173529574
"1675","chr4",175984024,175984050
"1676","chr4",176688578,176688619
"1677","chr4",183013282,183013479
"1678","chr4",186144723,186144747
"1679","chr4",186446677,186446732
"1680","chr4",186987522,186987565
"1681","chr4",188532944,188532961
"1682","chr4",190069556,190069584
"1683","chr4",190070902,190070967
"1684","chr4",190074195,190074260
"1685","chr4",190077488,190077553
"1686","chr4",190080785,190080853
"1687","chr4",190084079,190084147
"1688","chr4",190087375,190087440
"1689","chr4",190090672,190090740
"1690","chr4",190173435,190173505
"1691","chr5",49522,49789
"1692","chr5",544221,544239
"1693","chr5",784750,784778
"1694","chr5",1021368,1021393
"1695","chr5",1403305,1403434
"1696","chr5",1926226,1926683
"1697","chr5",2038882,2038955
"1698","chr5",3784915,3786503
"1699","chr5",6448719,6448759
"1700","chr5",6702950,6702988
"1701","chr5",6713843,6713868
"1702","chr5",9546156,9546200
"1703","chr5",10354139,10354167
"1704","chr5",10650134,10650163
"1705","chr5",14581967,14581990
"1706","chr5",14871718,14871739
"1707","chr5",16179468,16179494
"1708","chr5",30346009,30346042
"1709","chr5",31912039,31912065
"1710","chr5",32444036,32444055
"1711","chr5",34929657,34929680
"1712","chr5",36877200,36877225
"1713","chr5",37295039,37295070
"1714","chr5",38556698,38556746
"1715","chr5",39610546,39610988
"1716","chr5",40797860,40797879
"1717","chr5",51842926,51842944
"1718","chr5",56070216,56070247
"1719","chr5",59143098,59143221
"1720","chr5",61332777,61332823
"1721","chr5",61505602,61505728
"1722","chr5",66596841,66596859
"1723","chr5",73448025,73448056
"1724","chr5",80256092,80256150
"1725","chr5",80418148,80418196
"1726","chr5",81750520,81750546
"1727","chr5",88141731,88141771
"1728","chr5",93585115,93585138
"1729","chr5",98928807,98928826
"1730","chr5",108381296,108381322
"1731","chr5",123090640,123090661
"1732","chr5",131278712,131278788
"1733","chr5",132011566,132011589
"1734","chr5",132227662,132227689
"1735","chr5",132228034,132228062
"1736","chr5",132257700,132257726
"1737","chr5",135034145,135034175
"1738","chr5",135035875,135035936
"1739","chr5",139561535,139561569
"1740","chr5",139561727,139561765
"1741","chr5",139711324,139711348
"1742","chr5",139848470,139848507
"1743","chr5",141194580,141194607
"1744","chr5",141728849,141728878
"1745","chr5",141878326,141878347
"1746","chr5",142108695,142108717
"1747","chr5",143239832,143239868
"1748","chr5",145972450,145972480
"1749","chr5",146233608,146233666
"1750","chr5",147235008,147235055
"1751","chr5",160119164,160119194
"1752","chr5",160133955,160133976
"1753","chr5",164270205,164270228
"1754","chr5",168579575,168579600
"1755","chr5",168664504,168664532
"1756","chr5",170862656,170862686
"1757","chr5",171450714,171450737
"1758","chr5",171525888,171526061
"1759","chr5",172188252,172188270
"1760","chr5",172454544,172454620
"1761","chr5",173989597,173989646
"1762","chr5",175873094,175873130
"1763","chr5",176610046,176610068
"1764","chr5",176630495,176630520
"1765","chr5",176810719,176810746
"1766","chr5",176830367,176830988
"1767","chr5",177110040,177110067
"1768","chr5",177303902,177303919
"1769","chr5",177371042,177371125
"1770","chr5",177473407,177473429
"1771","chr5",177672268,177672303
"1772","chr5",178205276,178205296
"1773","chr5",179345199,179345260
"1774","chr5",179550611,179550633
"1775","chr5",179622924,179622975
"1776","chr5",179805977,179806002
"1777","chr5",179806888,179806921
"1778","chr5",180170888,180170916
"1779","chr5",180199657,180199707
"1780","chr5",180573601,180573620
"1781","chr5",181327779,181327801
"1782","chr6",1609682,1609715
"1783","chr6",2797848,2797955
"1784","chr6",2999761,2999811
"1785","chr6",3457092,3457125
"1786","chr6",3561223,3561255
"1787","chr6",5035530,5035560
"1788","chr6",12749535,12749567
"1789","chr6",13273897,13273925
"1790","chr6",13711237,13711292
"1791","chr6",15126613,15126804
"1792","chr6",16439337,16439381
"1793","chr6",16761485,16761544
"1794","chr6",17281522,17281558
"1795","chr6",17393907,17393963
"1796","chr6",18122661,18122687
"1797","chr6",30737209,30737257
"1798","chr6",31954584,31954644
"1799","chr6",32150516,32150556
"1800","chr6",33028951,33029138
"1801","chr6",33192503,33192545
"1802","chr6",33621355,33621386
"1803","chr6",33633811,33633868
"1804","chr6",33893052,33893092
"1805","chr6",34237683,34237713
"1806","chr6",39274920,39274942
"1807","chr6",41779897,41779917
"1808","chr6",41786105,41786125
"1809","chr6",42782026,42782048
"1810","chr6",43021676,43021702
"1811","chr6",43076365,43076391
"1812","chr6",43243536,43243553
"1813","chr6",43243713,43243745
"1814","chr6",44270515,44270550
"1815","chr6",47733639,47733667
"1816","chr6",69601100,69601135
"1817","chr6",84431981,84432012
"1818","chr6",89411926,89411946
"1819","chr6",90649641,90649680
"1820","chr6",92913639,92913745
"1821","chr6",107490255,107490348
"1822","chr6",107635076,107635096
"1823","chr6",107850879,107850900
"1824","chr6",109483544,109483572
"1825","chr6",116681112,116681145
"1826","chr6",116877192,116877212
"1827","chr6",117482580,117482604
"1828","chr6",117482955,117482999
"1829","chr6",117907178,117907222
"1830","chr6",119078806,119078823
"1831","chr6",130019943,130019966
"1832","chr6",130019977,130020022
"1833","chr6",130020106,130020135
"1834","chr6",132401606,132401639
"1835","chr6",137522596,137522639
"1836","chr6",138987908,138987965
"1837","chr6",139135528,139135562
"1838","chr6",147726519,147726559
"1839","chr6",148343092,148343159
"1840","chr6",148710620,148710754
"1841","chr6",149317406,149317438
"1842","chr6",151391554,151391579
"1843","chr6",154511783,154511800
"1844","chr6",154995226,154995264
"1845","chr6",156777205,156777227
"1846","chr6",156779297,156779327
"1847","chr6",156779680,156779700
"1848","chr6",159455852,159455936
"1849","chr6",159727442,159727491
"1850","chr6",163834794,163834811
"1851","chr6",165662311,165662328
"1852","chr6",166681687,166681711
"1853","chr6",169723948,169724024
"1854","chr7",291162,291185
"1855","chr7",519881,519924
"1856","chr7",900884,900902
"1857","chr7",954504,954521
"1858","chr7",980208,980235
"1859","chr7",1160103,1160120
"1860","chr7",1530918,1530966
"1861","chr7",1669866,1669884
"1862","chr7",2611111,2611148
"1863","chr7",2631981,2632029
"1864","chr7",2632001,2632033
"1865","chr7",3301609,3301635
"1866","chr7",4180153,4180239
"1867","chr7",4682386,4682486
"1868","chr7",4959146,4959181
"1869","chr7",5736109,5736145
"1870","chr7",6503692,6503733
"1871","chr7",6615488,6615543
"1872","chr7",6615502,6615560
"1873","chr7",6615692,6615719
"1874","chr7",9726175,9726205
"1875","chr7",20784425,20784445
"1876","chr7",22357234,22357265
"1877","chr7",23490574,23490615
"1878","chr7",23491739,23491779
"1879","chr7",27113863,27113886
"1880","chr7",27199680,27199729
"1881","chr7",28179777,28179812
"1882","chr7",28409188,28409223
"1883","chr7",29806910,29806932
"1884","chr7",30754277,30754719
"1885","chr7",30802815,30802986
"1886","chr7",30968641,30968666
"1887","chr7",42238004,42238047
"1888","chr7",44044683,44044700
"1889","chr7",44097405,44097438
"1890","chr7",44254763,44254806
"1891","chr7",47118969,47118996
"1892","chr7",48051647,48051688
"1893","chr7",51316930,51316951
"1894","chr7",52762302,52762379
"1895","chr7",56513914,56514392
"1896","chr7",57397240,57397263
"1897","chr7",63797917,63797935
"1898","chr7",65449145,65449234
"1899","chr7",69357277,69357328
"1900","chr7",70914211,70914257
"1901","chr7",73521779,73521807
"1902","chr7",73667848,73667919
"1903","chr7",73719715,73719771
"1904","chr7",73868089,73868110
"1905","chr7",73872867,73872949
"1906","chr7",74063742,74063776
"1907","chr7",74083865,74083893
"1908","chr7",74270225,74270404
"1909","chr7",74287136,74287173
"1910","chr7",74528702,74529033
"1911","chr7",75237798,75237827
"1912","chr7",75743339,75743427
"1913","chr7",76285697,76285732
"1914","chr7",76477148,76477166
"1915","chr7",76975245,76975275
"1916","chr7",77416516,77416534
"1917","chr7",82393112,82393179
"1918","chr7",87875996,87876019
"1919","chr7",92246091,92246111
"1920","chr7",98211364,98211396
"1921","chr7",99143829,99143847
"1922","chr7",99408557,99408582
"1923","chr7",99580887,99580952
"1924","chr7",100694313,100694383
"1925","chr7",100895809,100895840
"1926","chr7",101402632,101402687
"1927","chr7",102286791,102286840
"1928","chr7",102300586,102300614
"1929","chr7",105388980,105389014
"1930","chr7",107580389,107580415
"1931","chr7",111728520,111728548
"1932","chr7",114087607,114087647
"1933","chr7",116638121,116638155
"1934","chr7",116953940,116953957
"1935","chr7",120273367,120273386
"1936","chr7",122305207,122305242
"1937","chr7",123748478,123748500
"1938","chr7",128186351,128186457
"1939","chr7",129611701,129611719
"1940","chr7",129779510,129779533
"1941","chr7",131556723,131556752
"1942","chr7",137846121,137846162
"1943","chr7",139777806,139777836
"1944","chr7",139778037,139778077
"1945","chr7",140195014,140195081
"1946","chr7",140924604,140924625
"1947","chr7",144403782,144403800
"1948","chr7",148884202,148884231
"1949","chr7",149223837,149223915
"1950","chr7",149800775,149800849
"1951","chr7",150347229,150347266
"1952","chr7",150976155,150976178
"1953","chr7",150977952,150977969
"1954","chr7",151059515,151059542
"1955","chr7",151086658,151086707
"1956","chr7",151114693,151114733
"1957","chr7",151341988,151342027
"1958","chr7",151721375,151721411
"1959","chr7",151877796,151877824
"1960","chr7",151880827,151880898
"1961","chr7",152435461,152435487
"1962","chr7",152436019,152436106
"1963","chr7",152436749,152436775
"1964","chr7",153083223,153083250
"1965","chr7",154700996,154701022
"1966","chr7",154885782,154885799
"1967","chr7",155002963,155002997
"1968","chr7",155460314,155460337
"1969","chr7",156786093,156786296
"1970","chr7",156893208,156893229
"1971","chr7",157337341,157337372
"1972","chr7",157508972,157509443
"1973","chr7",157684569,157684613
"1974","chr7",158128947,158129001
"1975","chr7",158587828,158587856
"1976","chr8",544659,544686
"1977","chr8",688272,688313
"1978","chr8",738995,739014
"1979","chr8",1974079,1974145
"1980","chr8",2587363,2587388
"1981","chr8",7543739,7543763
"1982","chr8",8318844,8318885
"1983","chr8",12840200,12840223
"1984","chr8",16180085,16180180
"1985","chr8",17497025,17497051
"1986","chr8",20303978,20304029
"1987","chr8",21145176,21145193
"1988","chr8",21183161,21183505
"1989","chr8",22049069,22049089
"1990","chr8",22551860,22551879
"1991","chr8",22599031,22599327
"1992","chr8",22599694,22599712
"1993","chr8",22694975,22694993
"1994","chr8",23682701,23682727
"1995","chr8",23714742,23714773
"1996","chr8",37695353,37695383
"1997","chr8",38382005,38382022
"1998","chr8",38382228,38382259
"1999","chr8",40746199,40746355
"2000","chr8",41767267,41767313
"2001","chr8",42051391,42051429
"2002","chr8",42896741,42896786
"2003","chr8",47498173,47498199
"2004","chr8",48347920,48347937
"2005","chr8",56211301,56211328
"2006","chr8",59547367,59547386
"2007","chr8",59999174,59999192
"2008","chr8",60679152,60679169
"2009","chr8",61754272,61754321
"2010","chr8",68311758,68311953
"2011","chr8",73934366,73934399
"2012","chr8",74054566,74054587
"2013","chr8",78273650,78273714
"2014","chr8",79768280,79768332
"2015","chr8",80873657,80873697
"2016","chr8",83011361,83011401
"2017","chr8",87055812,87055947
"2018","chr8",93917508,93917553
"2019","chr8",101514943,101515062
"2020","chr8",102123808,102123837
"2021","chr8",123241150,123241173
"2022","chr8",128294226,128294319
"2023","chr8",130016510,130016532
"2024","chr8",130358689,130358761
"2025","chr8",132775397,132775425
"2026","chr8",133736263,133736309
"2027","chr8",134712720,134712748
"2028","chr8",135166421,135166443
"2029","chr8",135457354,135457420
"2030","chr8",139703071,139703109
"2031","chr8",139704215,139704236
"2032","chr8",139804071,139804811
"2033","chr8",141212132,141212161
"2034","chr8",141284861,141284895
"2035","chr8",141308133,141308150
"2036","chr8",142007967,142008161
"2037","chr8",142162385,142164497
"2038","chr8",142475799,142475821
"2039","chr8",142510713,142510730
"2040","chr8",142510820,142510841
"2041","chr8",142790611,142790640
"2042","chr8",143383663,143383684
"2043","chr8",143570831,143570853
"2044","chr8",143733910,143733986
"2045","chr8",143821739,143821770
"2046","chr8",143859324,143859370
"2047","chr8",143860932,143860972
"2048","chr8",143862534,143862574
"2049","chr8",143864127,143864167
"2050","chr8",143865735,143865775
"2051","chr8",144100685,144100708
"2052","chr8",144444127,144444149
"2053","chr8",144827216,144827266
"2054","chr9",448036,448062
"2055","chr9",2622147,2622171
"2056","chr9",4597320,4597369
"2057","chr9",5629197,5629215
"2058","chr9",6806860,6806926
"2059","chr9",9655576,9655640
"2060","chr9",14314318,14314347
"2061","chr9",17623706,17623737
"2062","chr9",20089264,20089286
"2063","chr9",21994499,21994542
"2064","chr9",23821757,23821779
"2065","chr9",27573485,27573546
"2066","chr9",33677370,33677389
"2067","chr9",35111317,35111343
"2068","chr9",35605297,35605317
"2069","chr9",36400879,36400941
"2070","chr9",36766790,36766865
"2071","chr9",38067405,38067430
"2072","chr9",38622578,38622597
"2073","chr9",40588927,40588953
"2074","chr9",41235928,41235987
"2075","chr9",61869176,61869198
"2076","chr9",63047565,63047711
"2077","chr9",63047916,63047978
"2078","chr9",63048554,63048580
"2079","chr9",63389898,63389924
"2080","chr9",63704702,63704728
"2081","chr9",64716398,64716424
"2082","chr9",65200718,65200744
"2083","chr9",65819970,65820116
"2084","chr9",65820960,65820985
"2085","chr9",67711617,67711639
"2086","chr9",67725126,67725163
"2087","chr9",79863727,79863752
"2088","chr9",80359493,80359522
"2089","chr9",84892964,84893014
"2090","chr9",85264551,85265281
"2091","chr9",89498165,89498196
"2092","chr9",92169553,92169587
"2093","chr9",93440176,93440193
"2094","chr9",93451522,93451546
"2095","chr9",93451816,93451915
"2096","chr9",93576892,93576916
"2097","chr9",93676649,93676704
"2098","chr9",95426789,95426806
"2099","chr9",98551409,98551431
"2100","chr9",99105166,99105184
"2101","chr9",100473999,100474018
"2102","chr9",104862632,104862701
"2103","chr9",106862559,106862610
"2104","chr9",109321009,109321042
"2105","chr9",109499842,109499870
"2106","chr9",110049379,110049402
"2107","chr9",112380050,112380080
"2108","chr9",112486782,112486829
"2109","chr9",113349586,113349638
"2110","chr9",113607820,113607852
"2111","chr9",113876277,113876308
"2112","chr9",114992253,114992270
"2113","chr9",115981530,115981549
"2114","chr9",116154328,116154367
"2115","chr9",116551991,116552046
"2116","chr9",116586813,116586861
"2117","chr9",116893160,116893194
"2118","chr9",117414644,117414677
"2119","chr9",119249806,119250147
"2120","chr9",120714420,120714446
"2121","chr9",123929827,123929880
"2122","chr9",123999671,123999696
"2123","chr9",125747172,125747199
"2124","chr9",126068039,126068075
"2125","chr9",127899435,127899474
"2126","chr9",127917038,127917063
"2127","chr9",128246676,128246716
"2128","chr9",128373174,128373198
"2129","chr9",128689920,128689958
"2130","chr9",129417315,129417363
"2131","chr9",129569211,129569241
"2132","chr9",129666157,129666199
"2133","chr9",129823661,129823774
"2134","chr9",130172577,130172598
"2135","chr9",130312506,130312540
"2136","chr9",131394270,131394293
"2137","chr9",131582707,131582735
"2138","chr9",132369067,132369088
"2139","chr9",133590038,133590229
"2140","chr9",133795520,133795540
"2141","chr9",134326389,134326428
"2142","chr9",134326488,134326547
"2143","chr9",135096053,135096364
"2144","chr9",135714438,135714461
"2145","chr9",135826195,135826215
"2146","chr9",135907411,135907464
"2147","chr9",136327771,136327798
"2148","chr9",136646468,136646487
"2149","chr9",136665697,136665751
"2150","chr9",136712596,136712614
"2151","chr9",137012208,137012247
"2152","chr9",137139198,137139216
"2153","chr9",137229835,137229857
"2154","chr9",137391637,137391659
"2155","chr9",137423468,137423485
"2156","chr9",137459192,137459265
"2157","chr9",137584691,137584709
"2158","chr9",137619174,137619202
"2159","chr9",137619205,137619227
"2160","chr9",137877652,137877689
"2161","chr9",137878225,137878261
"2162","chr9",137878231,137878282
"2163","chr9",138280293,138280315
"2164","chrX",12798,12817
"2165","chrX",225195,225214
"2166","chrX",644428,644451
"2167","chrX",1466829,1466891
"2168","chrX",1560705,1560732
"2169","chrX",6365304,6365526
"2170","chrX",9455544,9455659
"2171","chrX",9786314,9786386
"2172","chrX",10015304,10015337
"2173","chrX",10311494,10311572
"2174","chrX",15823108,15823136
"2175","chrX",16946739,16946774
"2176","chrX",19887768,19887809
"2177","chrX",23334751,23334820
"2178","chrX",25005148,25005165
"2179","chrX",27809485,27809561
"2180","chrX",30788554,30806701
"2181","chrX",30889134,30889151
"2182","chrX",40012490,40012517
"2183","chrX",40014840,40014866
"2184","chrX",40090448,40090473
"2185","chrX",40506330,40506348
"2186","chrX",40935721,40935765
"2187","chrX",41085363,41085417
"2188","chrX",41262053,41262275
"2189","chrX",43655097,43655206
"2190","chrX",47347340,47347382
"2191","chrX",48957716,48957764
"2192","chrX",49879900,49879978
"2193","chrX",51406661,51406692
"2194","chrX",53625793,53625903
"2195","chrX",54476692,54476709
"2196","chrX",54495676,54495696
"2197","chrX",55488524,55488575
"2198","chrX",65391722,65391752
"2199","chrX",68592452,68593582
"2200","chrX",68718363,68718397
"2201","chrX",70063514,70063535
"2202","chrX",70444745,70444773
"2203","chrX",70455117,70455161
"2204","chrX",71140739,71140848
"2205","chrX",74297957,74297983
"2206","chrX",74421737,74421808
"2207","chrX",86636466,86636484
"2208","chrX",97927201,97927226
"2209","chrX",98625215,98625359
"2210","chrX",103215565,103215594
"2211","chrX",109670601,109670648
"2212","chrX",112858871,112858904
"2213","chrX",115727974,115727997
"2214","chrX",115732929,115732962
"2215","chrX",115736997,115737030
"2216","chrX",115738749,115738776
"2217","chrX",115844844,115844882
"2218","chrX",115847825,115847863
"2219","chrX",115850806,115850844
"2220","chrX",115853789,115853827
"2221","chrX",115856768,115856806
"2222","chrX",115859759,115859797
"2223","chrX",115862750,115862788
"2224","chrX",115865733,115865771
"2225","chrX",115868718,115868756
"2226","chrX",115871697,115871735
"2227","chrX",115874684,115874722
"2228","chrX",115877653,115877691
"2229","chrX",115880646,115880684
"2230","chrX",115883655,115883693
"2231","chrX",115888727,115888755
"2232","chrX",118717203,118717227
"2233","chrX",119620959,119621004
"2234","chrX",120116040,120116305
"2235","chrX",123776665,123776695
"2236","chrX",124174517,124174540
"2237","chrX",124621479,124621498
"2238","chrX",126165950,126165999
"2239","chrX",132218094,132218136
"2240","chrX",136497343,136497370
"2241","chrX",140504317,140504361
"2242","chrX",147528551,147528638
"2243","chrX",148500403,148500422
"2244","chrX",148500605,148500753
"2245","chrX",150693541,150693561
"2246","chrX",150976318,150976336
"2247","chrX",152898136,152898157
"2248","chrX",153481955,153481980
"2249","chrX",153688271,153688315
"2250","chrX",153776473,153776730
"2251","chrX",153886263,153886288
"2252","chrX",154097609,154097635
"2253","chrX",154097639,154097662
"2254","chrX",154341586,154341626
"2255","chrX",154374565,154374582
"2256","chrX",154374674,154374711
"2257","chrX",154390488,154390564
"2258","chrX",155137269,155137302
"2259","chrX",156019850,156020216
"2260","chrY",10194349,10194371
"2261","chrY",10775839,10776573
"2262","chrY",10781038,10781177
"2263","chrY",10784287,10784471
"2264","chrY",10788986,10789995
"2265","chrY",10804759,10804960
"2266","chrY",10812949,10813683
"2267","chrY",10818596,10825343
"2268","chrY",10835501,10836649
"2269","chrY",10838819,10844918
"2270","chrY",10850438,10850661
"2271","chrY",10850553,10851095
"2272","chrY",10875753,10875891
"2273","chrY",10877000,10881034
"2274","chrY",10937366,10938477
"2275","chrY",11292271,11292679
"2276","chrY",11296657,11304089
"2277","chrY",11438612,11438651
"2278","chrY",11439071,11439088
"2279","chrY",11517771,11592900
"2280","chrY",11665291,11669786
"2281","chrY",21869715,21869752
"2282","chrY",25691642,25691720
"2283","chrY",26403589,26403773
"2284","chrY",26638069,26643144
"2285","chrY",56825767,56830428
